phylum,H1,H2,H3,H4,H5,H6,H7,H8,H9,H10,H11,H12,H13,H14,H15,H16,P1,P2,P3,P4,P5,P6,P7,P8,P9,P10,P11,P12,P13,P14,P15,P16,P17,P18
Abditibacteriota,0.0,0.0,0.0,0.0,0.0,0.0,0.0,0.0,0.0,0.0,0.0,0.0,3.334556003868085e-05,0.0,0.0,0.0,0.0,0.0,0.0,0.0,0.0,0.0,0.0,0.0,0.0,0.0,0.0,0.0,0.0,0.0,0.0,0.0,0.0,0.0
Acidobacteriota,0.016402359220165554,0.0019412930939530786,0.00024413400244134004,0.0001637219455624531,0.0013586091239093977,0.010627159459742436,0.09068415192379067,0.011212241129138637,0.0006409434687860531,0.01884843069362225,0.008535207731894062,0.0021435269950430937,0.009503484611024042,0.007803202883274965,0.0,0.0,0.0011486041657912062,0.0011044264248554073,0.0012111989316604295,0.0038942664630815136,0.007730017761989343,0.0010914848806284493,0.029616724738675958,9.812304630006027e-05,0.028410796102518957,0.00029575954748789235,0.0013375948636357236,0.000901331512461591,0.0008490919034050025,0.0008495230137177077,0.009389125474179905,0.014545566369912511,0.002120686331212647,0.048580373529094244
Actinobacteriota,0.3033671578875801,0.09403568674964204,0.1350332293503323,0.14136025649771472,0.08501921158214278,0.08753010156004606,0.1050352591859458,0.05202150112122411,0.1215371248700309,0.12654975985703115,0.04746140328856533,0.061827356763274235,0.16824502317516424,0.04982829553568393,0.1004750818021646,0.04877534673917626,0.31568404981020015,0.0856075798529369,0.0978586624015901,0.1524647344754647,0.10608880994671403,0.03128410890251964,0.07156521145043383,0.24152286967857695,0.0504191592805266,0.11233317313024511,0.09273052391478817,0.0702628883578013,0.2049189764844717,0.1075551841793747,0.04549220237489644,0.06769992465827145,0.09762042468809386,0.06708718249255873
Aenigmarchaeota,0.0,0.0,0.0,0.0,0.0,0.0,4.639366571817395e-05,0.0,0.0,0.0,0.0,0.0,5.0018340058021274e-05,0.0,0.0,0.0,0.0,0.0,0.0,0.0,0.0,0.0,0.0,0.0,0.0,0.0,0.0,0.0,0.0,0.0,0.0,0.0,0.0,0.0
Armatimonadota,5.09917903217582e-05,0.0,0.0,0.0,0.0,0.00043625449342128225,0.0012526289743906966,0.0018302334784329245,0.0,0.0,0.00021965608133550898,0.0,0.00023341892027076594,0.0001190030940804461,0.0,0.0,0.0,0.0,0.0,0.0,0.0,0.0,0.0,0.0,0.0,0.0,0.00014079945933007616,0.0,0.0,0.0,0.0,0.0,0.0,0.00194321494116377
Asgardarchaeota,0.0,0.0,0.0,0.0,0.0,0.0,0.0,3.297717979158422e-05,0.0,0.0,4.7069160286180493e-05,0.0,0.0,0.0,0.0,0.0,0.0,0.0,0.0,0.0,0.0,0.0,0.0,0.0,0.0,0.0,0.0,0.0,0.0,0.0,0.0,0.0,0.0,0.0
Bacteroidota,0.03773392483810106,0.06301630135477475,0.10093584700935847,0.08332082679582509,0.018426136243021207,0.04718528600844589,0.145274031918842,0.040248647935628545,0.0395533336181971,0.05576343125209427,0.10389732647169575,0.038293216630196934,0.04064823768715196,0.06594471456257862,0.14755852001006795,0.19372426682405183,0.07767085486966144,0.1783358037608626,0.08894548051988385,0.14342947595500583,0.14672824156305506,0.0828606127688358,0.13488078158092506,0.09083390571777009,0.06992657209739701,0.08704573182003031,0.10643031130760458,0.021850460908159782,0.07846184842989955,0.12926676415291413,0.13537200412772699,0.0841520980365023,0.036299540058938554,0.11340047192362857
Bdellovibrionota,0.0004079343225740656,0.00035796893931049675,0.0,5.457398185415103e-05,0.0,0.00022685233657906677,0.004098107138438698,0.000148397309062129,4.272956458573687e-05,2.7923601027588518e-05,0.000502071043052592,0.0,0.0002000733602320851,0.00027200707218387677,0.0,0.0,0.00016808841450603016,0.00013078733978550875,0.0001397537228838957,0.0,0.0006394316163410302,0.0,0.002271640363462458,0.0,0.004461695444268822,0.0,0.0,2.731307613519973e-05,0.0,2.7853213564515006e-05,0.0012935482464427423,0.0,0.0003993500234101738,0.002668064958899462
Caldatribacteriota,0.0,0.0,0.0,0.0,0.0,0.0,0.0,0.0,0.0,0.0,3.1379440190787e-05,0.0,0.0,0.0,0.0,0.0,0.0,0.0,0.0,0.0,0.0,0.0,0.0,0.0,0.0,0.0,0.0,0.0,0.0,0.0,0.0,0.0,0.0,0.0
Caldisericota,0.0,0.0,0.0,0.0,0.0,3.4900359473702576e-05,0.0,0.0,0.0,0.0,0.0,0.0,0.0,0.0,0.0,0.0,0.0,0.0,0.0,0.0,0.0,0.0,0.0,0.0,0.0,0.0,0.0,0.0,0.0,0.0,0.0,0.0,0.0,0.0
Calditrichota,0.0,0.0,0.0,0.0,0.0,0.0,0.0,6.595435958316844e-05,0.0,0.0,6.2758880381574e-05,0.0,8.336390009670212e-05,8.50022100574615e-05,0.0,0.0,0.0,0.0,0.0,0.0,0.0,0.0,0.0,0.0,0.0,0.0,0.0,0.0,0.0,0.0,0.0,0.0,0.0,0.0
Campylobacterota,0.009314500365441163,0.007737636303557661,0.011392920113929202,0.025117675148373014,0.0023351094317192772,0.0010819111436847799,0.0020413212915996537,0.0023908455348898563,0.005668788901707758,0.005221713392159053,0.004079327224802309,0.003237618898763006,0.005168561805995532,0.005984155588045289,0.02082808960483262,0.004103255905456487,0.012900785813337815,0.028526171999883745,0.010652339322039163,0.018967038816591255,0.018557726465364122,0.02390505618841181,0.0027157204345152697,0.013442857343108258,2.0007602889097857e-05,0.008355207216532958,0.026047899976064093,0.0016524411061795835,0.006835909391819935,0.013884826961910731,0.023908841184250688,0.011516521364761598,0.005411881351730975,0.004518745855245909
Chloroflexi,0.010895245865415668,0.0012941953959687191,2.712600027126e-05,0.0003820178729790572,0.0019105440804975905,0.020364359752905455,0.03838302610416924,0.014493470518401266,0.00017091825834294748,0.002303697084776053,0.013916781724614033,0.0013843611842986648,0.015755777118276703,0.017306449967699162,1.5731185502139442e-05,0.0002950971712828296,0.0018349651916908295,4.3595779928502924e-05,9.31691485892638e-05,0.005379130654040652,0.006280639431616341,0.0009992467217021016,0.017336202773792445,0.0,0.01942738240531402,0.0003327294909238789,0.0,0.0006691703653123933,0.0004893071985723743,0.0005292110577257851,0.004084124238768658,0.011332011009117886,0.0036905450439285027,0.036134544501164385
Cloacimonadota,0.0,0.0,0.0,0.0,0.0,0.003315534150001745,0.0,0.0024238227146814403,0.0,0.0,0.002447596334881386,0.0,0.002084097502417553,0.002856074257930706,0.0,0.0,0.0,0.0,0.0,0.0,0.0,0.0,0.0,0.0,0.0,0.00020333468889792598,0.0,0.0,0.0,0.0,0.0,0.0,0.0,0.0
Crenarchaeota,1.6997263440586064e-05,2.7536072254653597e-05,0.0,0.0,0.0,0.0021463721076327084,0.00705183718916244,0.001912676427911885,0.0,0.0,0.0011139701267729384,0.0,0.003251192103771383,0.0027540716058617526,0.0,0.0,0.0,0.00031970238614235474,0.0,0.0,0.000369449378330373,0.0,0.0029036004645760743,0.0,0.004941877913607171,0.0,1.4079945933007617e-05,0.0,0.0,2.7853213564515006e-05,0.000232547999360493,0.0,0.0,0.0028685553893369937
Cyanobacteria,0.0007308823279452008,0.00019275250578257516,0.00014919300149193003,6.821747731768879e-05,0.0,0.01663002128921928,0.009866386242731659,0.004484896451655455,0.0,4.1885401541382775e-05,0.007076063763022468,4.465681239673112e-05,0.006402347527426723,0.002839073815919214,0.0,0.0,0.0006023168186466082,0.0,0.0,0.00047627719332651603,0.002586145648312611,0.00018447631785269565,8.540001366400218e-05,0.0,0.012064584542126009,0.0,0.0,4.096961420279959e-05,0.0,0.0,0.0027324389924857926,0.0,0.00013770690462419787,0.002776021344519671
Dadabacteria,0.0,0.0,0.0,0.00012279145917183982,0.0,0.0,0.0,0.0,0.0,0.0,0.0005805196435295594,0.0,0.0,0.0,0.0,0.0,0.0,0.0,0.0,0.0,0.0,0.0,0.0,0.0,0.0,0.0,0.0,0.0,0.0,0.0,0.0,0.0,0.0,0.0
Deferribacterota,0.0001019835806435164,0.0,0.0,0.0,0.0,0.00015705161763166162,0.0006959049857726092,0.000148397309062129,0.0,0.0,0.000251035521526296,0.0,8.336390009670212e-05,8.50022100574615e-05,0.0,0.0,0.0,0.0,0.0,0.0,0.0,0.0,0.0,0.0,4.0015205778195714e-05,0.0,0.0,0.0,0.0,0.0,0.0,0.0,0.0,0.0
Deferrisomatota,0.0,0.0,0.0,0.0,0.0,0.0,0.0,3.297717979158422e-05,0.0,0.0,0.0,0.0,0.0,0.0,0.0,0.0,0.0,0.0,0.0,0.0,0.0,0.0,0.0,0.0,0.0,0.0,0.0,0.0,0.0,0.0,0.0,0.0,0.0,0.0
Deinococcota,0.0003059507419305492,0.0,0.0,0.0,0.0,3.4900359473702576e-05,0.0,4.9465769687376336e-05,0.0,0.0004048922149000335,7.844860047696748e-05,0.0,0.00011670946013538297,0.0001020026520689538,0.0,0.0,0.0,0.0,0.0,0.0,0.0,0.0,0.0,0.0,0.0,0.0,0.0,0.0,0.0,0.0,0.0,0.0,0.0,0.0013108989682454003
Dependentiae,0.0,0.0,0.0,0.0,0.0,8.725089868425645e-05,0.0001855746628726958,6.595435958316844e-05,0.0,0.0,6.2758880381574e-05,0.0,0.00018340058021274467,3.4000884022984596e-05,0.0,0.0,0.0,0.00011625541314267445,0.0,0.0,2.841918294849023e-05,0.0,0.0,4.205273412859726e-05,0.0,0.0,0.0,0.0,0.0,0.0,0.0,0.0,0.0,0.0021437053716013015
Desulfobacterota,0.0005099179032175819,0.0,0.0,0.0,0.0,0.0006282064705266465,0.007933316837807744,0.0016653475794750033,0.0,0.0,0.0005334504832433789,0.0002456124681820212,0.0007502751008703192,0.0009860256366665534,0.0,0.0,0.0015408104663052766,0.000566745139070538,4.65845742946319e-05,0.003165842520346842,0.001705150976909414,0.0,0.0,7.008789021432877e-05,0.006222364498509434,0.0012384931051055493,0.0005068780535882742,0.0,0.00034539331663932304,0.0002924587424274076,0.0011046029969623418,0.004459000261389671,0.0004682034757222727,0.002159127712404189
Elusimicrobiota,0.0,0.0,0.0,0.0,0.0,0.00012215125815795902,0.0008041568724483484,6.595435958316844e-05,0.0,0.0,6.2758880381574e-05,0.0,0.00015005502017406382,0.0002550066301723845,0.0,0.0,8.404420725301508e-05,0.0,0.0,0.00043425273509182345,0.0,0.00010761118541407247,0.0,0.0,0.0,0.0,0.0,2.731307613519973e-05,0.0,0.0,0.0,0.0,0.0,0.0
Entotheonellaeota,0.0,0.0,0.0,0.0,0.0,3.4900359473702576e-05,0.00038661388098478285,0.0,0.0,0.0,0.0,0.0,0.0,0.0,0.0,0.0,0.0,0.0,0.0,0.0,0.000852575488454707,0.0,0.0,0.0,0.0,0.0,0.0,0.0,0.0,0.0,0.0,0.0,0.0,0.0
Euryarchaeota,0.0,0.0,0.0,0.0,0.0,0.00022685233657906677,0.0009433378696028702,0.0003132832080200501,0.0,0.0,0.00036086356219405043,0.0,0.0002667644803094468,0.0,0.0,0.0,0.0,0.0,0.0,0.0,0.0,0.0,0.0,0.0,0.0,0.0,0.0,0.0,0.0,0.0,0.0,0.0,0.0,0.0
Fibrobacterota,0.0002039671612870328,0.0,0.0,0.0,0.00019105440804975907,8.725089868425645e-05,0.0002628974390696524,0.00013190871916633689,0.0,0.0,4.7069160286180493e-05,0.0,3.334556003868085e-05,5.10013260344769e-05,0.0,0.0,0.0,0.0,0.0,0.0,0.0,0.0,0.0010760401721664275,0.0,0.0,0.0,0.0,0.0,0.0,0.0,0.0,0.0,0.0,0.0
Firmicutes,0.2818996141621199,0.2735295737416015,0.22718025227180252,0.23102530868408486,0.15953043072154882,0.1943426517293128,0.2096065817147099,0.10588972431077694,0.16372544830434846,0.17836200156372164,0.2613907367892557,0.2048854552762024,0.1627096602087432,0.21374655741049267,0.361125094387113,0.21616570408779842,0.10041882029947753,0.28441886825355306,0.29250454199599374,0.15616288680011767,0.20487388987566607,0.32186505557349077,0.398151943704311,0.13198951485162394,0.46457653908485225,0.10752708048356686,0.3343987159089309,0.20561283714578354,0.33344846443887977,0.5641111343221225,0.4988009243782975,0.32467672248104923,0.25742928750447547,0.3806542156968585
Fusobacteriota,0.029235293117808033,0.036650512170943936,0.10835480808354808,0.09235282079268708,0.008130426475895302,0.016438069312113914,0.0017320301868118274,0.05556654794881942,0.03899784927858252,0.034709036077292525,0.0082057236098908,0.02076541776447997,0.01177098269365434,0.024429635170514434,0.04024037251447269,0.024928684850273317,0.035522684932274375,0.16939866887551952,0.050233699281044736,0.07930015268886492,0.07676021314387212,0.07028547710187705,0.0038430006148800983,0.08664264988295323,0.004741801884716192,0.04700728307885689,0.060670487025329824,0.011526118129054285,0.10676970900613073,0.023675231529837755,0.04220746188392948,0.04740378553746329,0.06245008124707373,0.008436020419179223
Gemmatimonadota,0.002090663403192086,0.0,6.781500067815e-05,0.0001910089364895286,0.00036088054853843375,0.002355774264474924,0.021727700111344797,0.00148397309062129,0.002748935321682405,0.0006562046241483302,0.0027770804568846494,0.0007814942169427947,0.0019507152622628297,0.001989051715344599,0.0001887742260256733,0.0,0.00042022103626507544,0.0,0.0,0.00040623642960202835,0.0012504440497335702,0.00021522237082814493,0.01403976224636196,4.205273412859726e-05,0.00044016726356015286,0.00020333468889792598,8.44796755980457e-05,0.00016387845681119836,0.0001583052701263564,0.0,0.003430082990567272,0.0027676553346556577,0.0,0.014188553538656097
Halanaerobiaeota,0.0,0.0,0.0,0.0,0.0,0.0,0.0,0.0,1.4243188195245624e-05,0.0,0.0,0.0,0.0,0.0001020026520689538,0.0,0.0,0.0,0.0,0.0,0.0,0.0,0.0,0.0,0.0,0.0,3.6969943435986544e-05,0.0,0.0,0.0,0.0,0.0,0.0,0.0,0.006569917182029888
Halobacterota,5.09917903217582e-05,0.0,0.0,0.00020465243195306638,0.00044579361878277116,0.0013436638397375494,0.0009742669800816529,0.0007090093655190608,0.0,0.0009075170333966269,0.0016788000502071044,0.00031259768677711783,0.0030511187435392976,0.00147903845499983,0.0,0.0,0.00025213262175904525,0.00015985119307117737,9.31691485892638e-05,0.00026615490215305305,0.00024156305506216696,0.0,0.0022033203525312563,0.0,0.0014605550109041436,0.0003142445192058856,7.039972966503808e-05,0.0003277569136223967,0.0001583052701263564,0.00023675231529837756,0.0004941644986410477,0.0,0.0007023052135834091,0.002482996869264817
Hydrogenedentes,0.0,0.0,0.0,0.0,0.0,0.0,0.0,0.0,0.0,0.0,0.0,0.0,0.0,3.4000884022984596e-05,0.0,0.0,0.0,0.0,0.0,0.0,0.0,0.0,0.0,0.0,0.0,0.0,0.0,0.0,0.0,0.0,0.0,0.0,0.0,0.0
Hydrothermarchaeota,0.0,0.0,0.0,0.0,0.0,0.0,0.001329951750587653,0.0,0.0,0.0,0.0,0.0,0.0,0.0,0.0,0.0,0.0,0.0,0.0,0.0,2.841918294849023e-05,0.0,0.0,0.0,0.0,0.0,0.0,0.0,0.0,0.0,0.0,0.0,0.0,0.0
Iainarchaeota,0.0,0.0,0.0,0.0,0.0,0.0,0.00035568477050600025,0.0,0.0,0.0,0.0,0.0,0.0,0.0,0.0,0.0,0.0,0.0,0.0,0.0,0.0,0.0,0.0,0.0,0.0,0.0,0.0,0.0,0.0,0.0,0.0,0.0,0.0,0.0
Latescibacterota,0.0,0.0,0.0,0.0,0.0,0.0,0.0006031176543362613,0.0,0.0,0.0,0.0,0.0,0.0,0.0,0.0,0.0,0.0,0.0,0.0,0.0,0.0009094138543516874,0.0,0.0,0.0,0.0,0.0,0.0,0.0,0.0,0.0,0.001235411246602619,0.0,0.0,0.0
Methylomirabilota,0.0016827290806180205,0.0,0.0,0.0,0.00044579361878277116,0.00041880431368443097,0.005690956328096004,0.0023084025854108957,0.0,0.0,0.0007844860047696749,0.0,0.0006335656407349361,0.0005270137023562613,0.0,0.0,0.0,0.0,0.0,0.0,0.0008809946714031971,0.0,0.00011956001912960307,0.0,6.002280866729357e-05,0.0,0.0,4.096961420279959e-05,0.0,0.00027853213564515007,2.9068499920061626e-05,0.002844534649507204,0.0,0.005567465029842229
Micrarchaeota,0.0,0.0,0.0,0.0,0.0,0.00012215125815795902,0.0,0.000148397309062129,0.0,0.0,4.7069160286180493e-05,0.0,0.00031678282036746807,0.0,0.0,0.0,0.0,0.0,0.0,0.0,0.0,0.0,0.0,0.0,0.0,0.0,0.0,0.0,0.0,0.0,0.0,0.0,0.0,0.0
Myxococcota,0.001784712661261537,0.00022028857803722878,9.494100094941001e-05,0.00012279145917183982,0.0,0.001256412941053293,0.010964369664728442,0.001022292573539111,0.00019940463473343875,0.0015357980565173686,0.0015689720095393499,0.0008484794355378913,0.0011504218213344893,0.0009350243106320764,0.0,0.0,0.0,7.265963321417154e-05,0.0,0.0003081793603877457,0.005953818827708703,0.0001998493443404203,0.00030744004919040785,0.0,0.011624417278565856,0.0,0.0,0.0,0.00010073971735313589,0.0,0.0027615074924058542,0.0,0.0003993500234101738,0.007973350195092611
Nanoarchaeota,0.0,0.0,0.0,0.0,0.0,5.235053921055387e-05,0.002953730050723741,0.00019786307874950534,0.000113945505561965,0.0,3.1379440190787e-05,0.0,6.66911200773617e-05,8.50022100574615e-05,0.0,0.0,0.0,4.3595779928502924e-05,0.0,0.0,2.841918294849023e-05,0.0,3.416000546560088e-05,0.0,2.0007602889097857e-05,0.0,0.0,0.0,0.0,0.0,5.813699984012325e-05,0.0,0.0,0.00033929149766351535
Nitrospirota,0.0011728111774004385,0.0,0.0,0.0,0.0,0.001500715457369211,0.0049331931213658295,0.0006925207756232687,0.0,0.0012565620462414832,0.0006432785239111334,0.0,0.0007669478808896595,0.0009520247526435688,0.0,0.0,0.0,0.0,1.5528191431543968e-05,0.0,2.841918294849023e-05,0.0,0.00034160005465600873,0.0,0.008923390888537644,0.0,0.0,0.0,0.0,0.0,0.0008284522477217563,0.0,0.0,0.009901142795453495
Patescibacteria,0.012424999575068414,0.005479678378676065,0.0036484470364844704,0.007367487550310389,0.0009128155051266266,0.023993997138170523,0.00671161697389583,0.01507057116475399,0.004401145152330897,0.006017536021445326,0.014638508849002134,0.005939356048765239,0.03843075794457968,0.008534221889769133,0.010602819028441983,0.029453508143276703,0.054558697875082295,0.023803295840962593,0.013245547291107005,0.009091291131438497,0.006834813499111901,0.005119217820412305,0.001639680262348842,0.008242335889205064,0.0020207678917988836,0.0010166734444896298,0.0024358306464103176,0.00039603960396039607,0.01526926287309674,0.011531230415709212,0.00447654898768949,0.019988621861401972,0.0031672588063565506,0.008250952329544578
Planctomycetota,0.003909370591334795,0.0014869479017512943,0.0,0.00025922641380721743,0.0001061413378054217,0.009946602450005235,0.01269639985154027,0.007254979554148529,0.000113945505561965,0.0,0.006981925442450107,0.0,0.01103738037280336,0.0035360919383903983,0.0,0.0,0.0013166925802972364,0.0,7.764095715771985e-05,0.0,0.0014493783303730018,0.00041507171516856525,0.0004099200655872105,0.0,0.014925671755267001,3.6969943435986544e-05,0.0,4.096961420279959e-05,0.0003310019284460179,0.0,0.0015260962458032354,9.225517782185525e-05,0.00026164311878597594,0.007202233154948258
Proteobacteria,0.268879710366631,0.49848551602599406,0.4087074460870745,0.4089637765195443,0.7149468231897594,0.29918333158831534,0.22126685636521093,0.4757617728531856,0.6146790297540201,0.5558751256562047,0.3646761641772311,0.6507837270575626,0.3072626629764247,0.3605963755057631,0.30487037503146236,0.4781417309556933,0.3069154375201356,0.11753422268724388,0.396077578844392,0.3664672839592643,0.35384724689165187,0.41499485003612663,0.2496754799480768,0.41723321044589917,0.26570096636721957,0.6206144404599061,0.26416794559508894,0.6792898600204849,0.24201997524681232,0.10919852377968108,0.13945612836649565,0.3583498623860264,0.5152992371037484,0.19348868771302108
Spirochaetota,0.0018696989784644672,0.009995594228439255,0.00249559202495592,0.00620779043590968,0.0006368480268325302,8.725089868425645e-05,0.000541259433378696,0.0037923756760321857,0.0031619877793445284,0.0010610968390483636,0.007609514246265847,0.002880364399589157,0.000666911200773617,0.021233552072353883,0.011892776239617417,0.0034006435928783216,0.06867812469358883,0.08432877030836748,0.04228326526809423,0.02598512334178492,0.02368738898756661,0.040077480053498135,0.0,0.008985267525476948,0.0,0.008780361566046804,0.09192796699660673,0.004848071013997952,0.006317819416860951,0.034607617853909894,0.06204671307937154,0.013069483524762827,0.00581123137514115,0.0006323159729183695
Sumerlaeota,0.0001529753709652746,0.0,0.0,0.0,0.0,6.980071894740515e-05,0.0007732277619695657,4.9465769687376336e-05,0.0,0.0,0.000125517760763148,0.0,5.0018340058021274e-05,6.800176804596919e-05,0.0,0.0,0.0,0.0,0.0,0.0,0.0,0.0,0.0,0.0,0.0,5.545491515397981e-05,0.0,0.0,0.0,0.0,0.0,0.0,0.0,0.0011720979010194168
Synergistota,0.0007308823279452008,0.001776076660425157,0.00018988200189882002,0.0007776792414216522,4.245653512216868e-05,0.0003839039542107284,0.0,3.297717979158422e-05,0.0001851614465381931,0.0,0.0011296598468683318,0.0002902692805787523,0.0,0.0030600795620686137,0.0018090863327460357,2.8104492503126623e-05,0.016360605678586937,0.02192867730403697,0.004239196260811503,0.026685530979029794,0.011211367673179396,0.003904748727882058,0.0,0.0006448085899718246,0.0,0.0024954711819290916,0.01724793376793433,0.0001502219187435985,0.0005324813631522897,0.0021725506580321705,0.0024417539932851764,0.004059227824161631,0.0009914897132942246,0.0
Thermoplasmatota,0.0,0.0,0.0,0.0,0.0002759674782940964,0.00015705161763166162,0.00012371644191513053,0.00018137448885371322,0.0,0.00011169440411035407,3.1379440190787e-05,8.931362479346224e-05,0.00010003668011604255,0.0001190030940804461,0.0,0.0,0.0,0.0,0.0,0.0,0.0,0.0001229842119017971,0.0,0.0,0.0,0.0,0.0,0.0002594742232843974,2.878277638661025e-05,0.0,0.0,0.0,6.885345231209893e-05,0.0
Thermotogota,0.0,0.0,0.0,0.0,0.0,0.0,0.00021650377335147842,9.893153937475267e-05,0.0,0.0,4.7069160286180493e-05,0.0,5.0018340058021274e-05,3.4000884022984596e-05,0.0,0.0,0.0,0.0,0.0,0.0,0.0,0.0,0.0,0.0,0.0,0.0,0.0,0.0,0.0,0.0,0.0,0.0,0.00033049657109807487,0.0
Unclassified Archaea,6.798905376234426e-05,2.7536072254653597e-05,6.781500067815e-05,0.0,0.0001061413378054217,0.007503577286846055,7.732277619695658e-05,0.004352987732489117,0.0,0.0,0.003059495418601732,0.0005358817487607734,0.004351595585047851,0.003961102988677706,0.0,0.0,0.0,5.812770657133723e-05,0.0,2.8016305489795062e-05,0.0,6.149210595089855e-05,0.0,0.0,0.0,0.0,0.0,1.3656538067599864e-05,0.0,0.0,0.0001308082496402773,0.0007534172855451513,0.0,0.0
Unclassified Bacteria,0.011796100827766729,0.002932591695120608,0.0013698630136986301,0.0018282283921140596,0.004181968709533615,0.24344745750881233,0.06768835828281579,0.18722793826671943,0.004016579071059266,0.010317770579693958,0.1266631103301117,0.004666636895458402,0.19790589882957085,0.1949610689877937,9.438711301283665e-05,0.0009836572376094319,0.003922063005140704,0.0035021943209230678,0.0021894749918476993,0.0068079622340202,0.01960923623445826,0.0019677473904287537,0.06478445036551206,0.0002102636706429863,0.022628598867569676,0.0019224370586713002,0.0017881531334919675,0.0016797541823147832,0.0027919293095011945,0.0015876331731773552,0.01486853770911152,0.02486277042298999,0.0064997658982621385,0.05903672059345168
Verrucomicrobiota,0.0022096442472761884,0.0008123141315122811,4.0689000406890006e-05,0.00010914796370830206,0.0006368480268325302,0.006439116322898126,0.014088209823085488,0.004418942092072286,2.848637639049125e-05,2.7923601027588518e-05,0.006542613279779089,4.465681239673112e-05,0.004484977825202574,0.0023120601135629528,0.0002988925245406494,0.0,0.0,0.0,9.31691485892638e-05,0.0002801630548979506,0.0008383658969804618,0.00033820658272994207,0.001998360319737651,0.0,0.0069426382025169564,0.00018484971717993271,0.0,0.00021850460908159783,0.00017269665831966152,0.00016711928138709003,0.0015987674956033893,0.007426541814659348,0.0004406620947974331,0.008513132123193658
