genus,prevalence_Healthy,prevalence_Periodontitis,core_Healthy,core_Periodontitis,mean_rel_abundance
Haemophilus,1.0,0.8888888888888888,True,False,0.1555413383626275
Streptococcus,1.0,1.0,True,True,0.1156744740391588
Neisseria,1.0,1.0,True,True,0.06894709882568129
Unclassified Bacteria,1.0,1.0,True,True,0.038257097303011946
Lautropia,0.9375,0.8888888888888888,True,False,0.03450567369209705
Rothia,1.0,0.8333333333333334,True,False,0.03234321576035181
Veillonella,1.0,0.8333333333333334,True,False,0.031510201583517465
Actinomyces,1.0,0.8888888888888888,True,False,0.030939352299755724
Fusobacterium,1.0,1.0,True,True,0.027800737357555155
Corynebacterium,1.0,1.0,True,True,0.023313546608387477
Aggregatibacter,0.9375,0.8888888888888888,True,False,0.018593459170547798
Treponema,1.0,0.8888888888888888,True,False,0.017532659227624914
Leptotrichia,0.9375,0.9444444444444444,True,True,0.01610380208057127
Gemella,1.0,0.8333333333333334,True,False,0.015997207714344434
Capnocytophaga,1.0,0.8888888888888888,True,False,0.014887173491597702
Prevotella,1.0,0.8888888888888888,True,False,0.011697522543828807
Porphyromonas,1.0,0.8888888888888888,True,False,0.010376288126112868
Campylobacter,1.0,0.9444444444444444,True,True,0.009553576848864044
Alloprevotella,1.0,1.0,True,True,0.008643645853649337
Prevotella_7,0.9375,0.8888888888888888,True,False,0.008001541432983024
Selenomonas,1.0,0.8333333333333334,True,False,0.007571963879975039
Granulicatella,1.0,0.8333333333333334,True,False,0.007235530624178034
Bergeyella,1.0,0.8333333333333334,True,False,0.006187728552236504
Pseudomonas,0.9375,0.8333333333333334,True,False,0.0052058990768647445
Cardiobacterium,1.0,0.7777777777777778,True,False,0.003798560212962973
Lactobacillus,0.9375,0.7222222222222222,True,False,0.003716653281172428
Tannerella,0.9375,0.8333333333333334,True,False,0.00328222579971486
Lachnoanaerobaculum,1.0,0.8333333333333334,True,False,0.0023036447989199854
Paenibacillus,0.9375,0.9444444444444444,True,True,0.0017386055888471055
Paucibacter,0.9375,1.0,True,True,0.0016781665396811425
Unclassified Saccharimonadales,0.9375,0.7222222222222222,True,False,0.0011468667732276137
Rikenellaceae_RC9_gut_group,0.8125,0.9444444444444444,False,True,0.0011412480394181385
Methyloversatilis,0.9375,0.8888888888888888,True,False,0.0011135295591048287
Candidatus_Saccharimonas,0.9375,0.7222222222222222,True,False,0.0004981220700305711
