genus,Healthy,Periodontitis
Haemophilus,0.18995071240051215,0.12495522810673003
Streptococcus,0.11786207960805567,0.11372993575569487
Neisseria,0.08487396968138773,0.054789880287275515
Unclassified Bacteria,0.06625510098380571,0.013369982920084185
Lautropia,0.04980055659358658,0.02091022222410634
Rothia,0.04255227403618217,0.023268497292947048
Veillonella,0.03150220359480681,0.03151731090681583
Actinomyces,0.02577383870712233,0.035530919937652075
Fusobacterium,0.022775152116269907,0.03226792423869759
Aggregatibacter,0.020109189525482817,0.017246143299494452
Actinobacillus,0.017159164045798675,0.05103229270980492
Corynebacterium,0.015256271166561489,0.03047556922334391
Gemella,0.014082832431989557,0.01769887463199321
Capnocytophaga,0.014033694477317404,0.015645821504291304
Alloprevotella,0.012682622511476126,0.005053444380025526
Leptotrichia,0.011187135824046015,0.020474172086371492
Prevotella,0.009634975731550855,0.013530897488075877
Acinetobacter,0.008650214951387914,0.0006312589317981142
Bergeyella,0.007834948546193628,0.0047235330020523915
Porphyromonas,0.007168176986850211,0.013227942472124117
Campylobacter,0.006944365783601805,0.01187287557354159
Granulicatella,0.006760165613477742,0.007658077300356071
Prevotella_7,0.004989992048897322,0.01067847421883698
Treponema,0.00470621286907812,0.028933944879666513
Mycobacterium,0.004447520549495791,0.0005134414799779988
Lactobacillus,0.004360272496830935,0.0031445473116981978
F0332,0.004254903122673,0.008883747328027677
Selenomonas,0.004166587782755542,0.01059896485528126
Unclassified JG30_KF_CM45,0.0037582920396461183,0.0010184264888601553
Kingella,0.0032658080368413904,0.0017672117055609919
Cardiobacterium,0.0031502945565540755,0.004374796351993105
Unclassified Vicinamibacterales,0.0027396055916542083,0.0024462917498886184
Paracoccus,0.002646864555107208,6.340295663409127e-05
Escherichia_Shigella,0.002563623719745187,0.015229140128999653
Unclassified Muribaculaceae,0.0024816113149199914,0.006168430987572991
Bacteroides,0.0023738823713178488,0.004055854369948111
Bacillus,0.0022424183278354193,0.0164604871607026
Ochrobactrum,0.002161775894204762,0.00015165301789505612
Unclassified Saccharimonadaceae,0.0021453444114700976,0.005333203032804945
Paucibacter,0.002145117708358452,0.001263098834190201
Limosilactobacillus,0.00214201812840224,0.017154959208055764
Paenibacillus,0.001888185387414973,0.001605645767897889
Pseudomonas,0.0018782505310080432,0.008163808895404037
Unclassified Parcubacteria,0.0018014812292390895,3.947108742845865e-06
Limnobacter,0.001718225718807056,0.0002895118061215871
Staphylococcus,0.0016790956490384458,0.011342828947750313
Lachnoanaerobaculum,0.0016693570586264878,0.002867456123625316
Marinobacter,0.0016619924156870418,0.0007124529972503582
Verminephrobacter,0.0016495077952343156,4.455342898611818e-05
Unclassified Vicinamibacteraceae,0.0016222372743386212,0.001434618114471104
Unclassified Archaea,0.0015069653125700474,5.8084343959169965e-05
Johnsonella,0.0014720029356482187,0.0018010113244875605
Unclassified Gemmatimonadaceae,0.0014697406209270843,0.001099735120799755
Pseudoxanthomonas,0.0014567173882181505,3.803117407404611e-05
Unclassified Cyanobacteriales,0.0014494496477148728,0.0003568157121421197
Sphingomonas,0.001409207107638898,0.0007828027607659515
Tannerella,0.0012928883277090503,0.005050525774831136
Methyloversatilis,0.001276093250026759,0.000969028500507557
Unclassified Pirellulaceae,0.0012457217533293553,0.0
Brevundimonas,0.001212771966351584,0.0012681184925409403
Unclassified SR1_bacterium_oral_taxon_875,0.001091992662872546,6.938184379259238e-05
Unclassified Saccharimonadales,0.0010856037711010698,0.0012013227751178754
Mycoplasma,0.0009050103391805189,0.0016746298145637042
Pseudaminobacter,0.0008897869115497036,0.0
RB41,0.0008878378912796639,0.0004357250855416695
Parabacteroides,0.0008723849232156968,0.0016214456818422925
Aquamicrobium,0.0008541651944075523,0.0
Ligilactobacillus,0.0008530486020616244,0.0007603224492110531
Unclassified Clostridia_UCG_014,0.0008432411323515668,0.0006141236933119321
Nocardioides,0.0008232412575585077,0.0002932065575426519
Akkermansia,0.0008058451450045583,0.00035843865164608745
Candidatus_Cloacimonas,0.0008006644710752592,0.0
Alistipes,0.000787885741691253,0.00114451387574183
Rikenellaceae_RC9_gut_group,0.0007802102649759683,0.0014621705055889564
Unclassified Chloroflexi,0.0007773717655257375,0.0008587173987870827
Unclassified Subgroup_2,0.0007608419060701519,0.0004485137082759703
Romboutsia,0.000746819698010976,0.00014854811731193081
Unclassified Rokubacteriales,0.0007350758590486925,0.0005422847010916802
Salmonella,0.0007294421155608805,0.006208012054251101
Stenotrophomonas,0.000728463907224667,0.0004403142682660482
Unclassified Subgroup_7,0.0007236624660710021,0.0007562798599882102
Aphanizomenon_NIES81,0.0007211663969792999,0.0
MND1,0.0007153774933133655,0.000351851565282984
Unclassified Gemmataceae,0.0007140919988078835,0.00031453535627179067
Bradyrhizobium,0.0007127066504385845,7.893632352951122e-05
Candidatus_Solibacter,0.0007074593393139272,0.000659707960381539
Bartonella,0.0007012862844444124,1.0281560535258041e-05
Unclassified Microscillaceae,0.0007003826171161209,0.00030541598690550997
Klebsiella,0.0006866732871936696,0.0007123830344577685
Nitrospira,0.0006815548267712361,0.000688971850959533
Christensenellaceae_R_7_group,0.0006795767622047232,0.0006660397183367902
Unclassified Candidatus_Campbellbacteria,0.0006553570142475577,0.0
Bryobacter,0.0006485785151811092,0.00038705505928140403
Unclassified Alphaproteobacteria,0.0006385161564969258,0.00028656237842094944
Unclassified Absconditabacteriales__SR1,0.0006230175298259109,0.00045136662967664175
Enterobacter,0.0006167019259646901,4.882966623704605e-05
Candidatus_Saccharimonas,0.0006162127065478903,0.0003931526153485098
Fretibacterium,0.0006117428218459784,0.006290904406987564
Peptostreptococcus,0.0006107164288006047,0.000773120942441596
Unclassified Prevotellaceae,0.0005982588679513954,0.004699763425206037
Lachnospiraceae_NK4A136_group,0.0005931217281905546,0.0008493450806170186
F0058,0.0005921020370834019,0.002016991202086216
Unclassified Lachnospiraceae,0.0005900672299596365,0.0007835842399678835
Unclassified Acidobacteriales,0.0005892479732053462,0.0004968496630363242
TM7a,0.0005867939626183111,0.0007419550521120944
Unclassified Elsterales,0.0005773610757195089,0.0003849207313146378
Oribacterium,0.0005730907040339438,0.00088973378363518
hgcI_clade,0.0005634245456528732,3.0797648921230285e-05
Unclassified A4b,0.0005546817487129766,0.0002401292636819745
Weissella,0.0005529558111272386,4.1963961048444884e-05
Leucobacter,0.0005490514525855061,0.0
Bifidobacterium,0.0005431270285469041,0.0011129025538201113
Pseudopropionibacterium,0.0005431261703215138,0.000554954566913899
Comamonas,0.0005402476464456967,0.0014419751250192678
Candidatus_Koribacter,0.0005376228101791557,0.00037890272984576127
Enterococcus,0.0005334688344610607,0.006836940573191171
Acidibacter,0.0005227733707436084,3.6450435691447654e-05
Unclassified Gaiellales,0.0005206618103430731,0.00021772966837416458
Buchnera,0.0005156695576885672,0.0
Pseudarthrobacter,0.0005023182662339439,0.0004867924688259045
Unclassified candidate_division_SR1_bacterium_MGEHA,0.000500183447335346,0.0004637920509167887
UCG_005,0.000491734780947721,0.000323531589321794
Muribaculum,0.0004900935553053189,7.192799681901976e-05
Listeria,0.0004873507084928149,0.008787580959676668
Unclassified Candidatus_Falkowbacteria,0.000484474692447908,6.357556572764607e-05
Acholeplasma,0.000481132564626684,0.0009044044295352673
Nordella,0.0004761206329901967,1.578843497138346e-06
Unclassified Beijerinckiaceae,0.00046142604878040953,0.0
Cupriavidus,0.0004521509910448213,5.693334244266812e-06
Rhodococcus,0.00044643204007448743,6.171298170167918e-05
Microvirga,0.000444891236153554,7.711684954318375e-05
Dialister,0.00044226507849243516,0.0017527709266190203
Faecalibacterium,0.0004403288095874936,0.0005432145833871587
Unclassified IMCC26256,0.00043180639152438205,0.0005551934926910703
Soonwooa,0.0004302511289789624,0.0
Unclassified 67_14,0.00042892874153634434,0.0008415094544724541
Bordetella,0.00042612125160676755,0.0
Lactiplantibacillus,0.00042445194292394715,0.0
Candidatus_Nitrocosmicus,0.0004238687191543001,6.504197256386319e-05
Prevotellaceae_UCG_004,0.0004228136096630158,7.535170077955617e-05
Aeromicrobium,0.0004199775363763651,0.0002443244519541559
Unclassified Anaerolineaceae,0.00041848203843303114,0.0009469114970177166
Lachnoclostridium,0.000416051632108987,0.0006828828779957619
Streptomyces,0.0004096415130056422,0.0007502141267999912
Cetobacterium,0.0004008954623859347,0.0003574704345632124
Unclassified Oscillospiraceae,0.00039781903259632586,0.0003445143291779602
Unclassified Acidimicrobiia,0.000395373757486867,0.0005839903063713415
Pseudoalteromonas,0.0003909413113016096,0.00011141966096244332
Unclassified [Eubacterium]_coprostanoligenes_group,0.0003905032616345662,0.00035774069857835293
TM7x,0.00038833675321991643,0.001050705712468896
Blautia,0.00038189304962465195,0.0010780380034478947
Devosia,0.0003780084560569504,0.0004912441299712486
Ferruginibacter,0.0003742509272390534,4.7703117563965514e-05
Unclassified LWQ8,0.000368489806376395,0.00012197325739444505
Unclassified Clostridia,0.0003669762167173307,0.00040148898709884133
Unclassified SBR1031,0.0003650154939796822,0.0005035330123519942
Eikenella,0.0003629556385889666,0.00035317949354033443
Burkholderia_Caballeronia_Paraburkholderia,0.0003585185500909217,9.812712621450401e-05
Gilliamella,0.00035828797776110927,1.1115334938387698e-06
Ellin6067,0.0003571692390018792,0.00020213704842528211
Unclassified Bacteroidia,0.0003554076438151648,0.00011359736921957075
Luteimonas,0.0003526780275351405,0.00021432619281870394
Unclassified SC_I_84,0.0003518986575594549,0.00016392625191103067
Moraxella,0.0003506918373538816,0.0009788128026059295
Pseudolabrys,0.0003488425218082202,0.00013944467552956508
Hyphomicrobium,0.0003479480262063636,6.302141599173495e-05
Unclassified Saprospiraceae,0.0003449935440604084,0.0001745785274656739
Megasphaera,0.0003439159823992263,0.0001443588689037816
[Eubacterium]_saphenum_group,0.00034379350025009347,0.0011514035881872013
Flavobacterium,0.0003418180422538461,8.046148784453156e-05
Unclassified Microtrichales,0.00034098840972398203,0.00011960421643187351
Unclassified Longimicrobiaceae,0.00033790763020299984,0.0001964313680629922
Unclassified Chitinophagaceae,0.00033593558365077304,0.00025654884346742443
Aeromonas,0.0003330115833875217,0.00016279137514158568
Unclassified Propionibacteriaceae,0.0003314359304897842,5.251081911365698e-05
Unclassified Subgroup_17,0.00032749910193963705,0.00026226482332479865
Gemmatimonas,0.0003252476548299083,0.0007239863208690214
Lentimicrobium,0.000324171672419846,0.0018542449737836797
Haliangium,0.00032197022306599957,0.00036319369487039385
Dubosiella,0.00032087909642618,0.0009062120603675904
NK4A214_group,0.00031678587862725264,5.968105853732855e-05
Unclassified Pedosphaeraceae,0.00031513761826888905,0.00035354987030392207
Bombilactobacillus,0.0003147018436477173,1.4535728821443108e-05
Methylobacterium_Methylorubrum,0.0003112841914693448,7.838234139873344e-05
Lysobacter,0.00030873542910786017,0.0007020350624578123
Massilia,0.00030756391308799547,0.0004685148828080434
[Eubacterium]_nodatum_group,0.00030724464404745526,0.0014289913075382847
Mesorhizobium,0.00030461682830364015,0.00019669782992296294
Unclassified JG30_KF_AS9,0.00030385385870448776,0.00011879673587371879
Chelatococcus,0.00030249782338251765,0.0
Unclassified Roseiflexaceae,0.00030136548933517383,0.00010525382221217098
Catonella,0.00030112899640536827,0.0011124195187444592
Unclassified Sporichthyaceae,0.0003008142458360927,7.498261361642099e-05
Jeotgalibacillus,0.0002986592230607448,0.00044170803750611027
Unclassified Rhodospirillales,0.00029798144469353417,0.00043220479724043697
Unclassified Caldilineaceae,0.00029369634301395055,5.3881029201832766e-05
Unclassified Isosphaeraceae,0.00029144405055471555,7.071779197146144e-05
Serratia,0.00028832220497248086,0.00015554715141907072
Parvimonas,0.00028753911338002744,0.0007757346536908478
Psychrobacter,0.000285805227736637,6.507050544035056e-06
Stomatobaculum,0.00028432042073061985,0.0001257525168356346
Unclassified Candidatus_Nomurabacteria,0.0002821446894292434,0.0
Candidatus_Aquiluna,0.00028046718184463956,0.0
Unclassified Actinobacteria,0.0002790168904339819,0.00037941619436724955
Parasutterella,0.0002784762239266266,9.005574701294749e-05
Porphyrobacter,0.00027622573738281275,0.00014480171406149853
Sodalis,0.0002755507485538176,0.00025759373497074114
Altererythrobacter,0.0002733803054502062,0.0002847471108492374
Gaiella,0.0002732162134838419,0.00021744498061430106
28_4,0.00027210435684665786,0.0004042208342766047
Agromyces,0.0002686217406730057,0.0003092745753918685
Gardnerella,0.0002642644828843792,1.578843497138346e-05
Acidovorax,0.00026402601757953033,6.858490103508685e-05
Methylophilus,0.00026111126123445775,5.14125115421545e-06
Conexibacter,0.00025883381365047857,4.026944542976066e-05
Faecalibaculum,0.00025235651558428715,6.143802399364987e-05
Unclassified Steroidobacteraceae,0.00025235521490262825,0.000247580664916471
Prevotellaceae_UCG_001,0.00025232464460418167,0.0003871841488967249
[Ruminococcus]_torques_group,0.00025226223123105276,0.0002172217355415397
FukuN18_freshwater_group,0.00024787599337951455,0.0
CL500_29_marine_group,0.00024558756689229875,5.4102800989361926e-05
Atopobium,0.00024356036531501671,0.00014766084294540248
Unclassified Bacteroidales,0.0002427205030303328,0.00027678866587983617
Olsenella,0.00023871696672878213,0.000419898699612702
Unclassified MWH_UniP1_aquatic_group,0.00023681799546845008,0.0003961668794879303
Unclassified Cyanobacteriia,0.0002366095448865455,7.650383590233216e-06
Abiotrophia,0.0002353177908812247,0.0002456105197192218
Sedimenticola,0.0002308191524838914,3.512866516213164e-05
Unclassified Ruminococcaceae,0.00023061574294684653,0.00024542690299083665
HSB_OF53_F07,0.00023008975841964637,0.0
Unclassified Sandaracinaceae,0.000228853087827099,0.00041183739097226354
Pedomicrobium,0.00022753768924347128,1.5121700368422628e-05
SM1A02,0.0002268511819740566,0.0006269389332437843
Blastococcus,0.0002262535571970988,0.00018667922398858338
Filifactor,0.00022580447484256655,0.0016530569243028582
Unclassified Anaerolineae,0.00022292066419231265,0.00018404510575670182
Candidatus_Udaeobacter,0.00022198509987603437,4.4161213927222426e-05
Ilumatobacter,0.0002211038034005036,0.0003102249734878658
Subgroup_10,0.00022083724735894446,0.00022771459151067967
Helicobacter,0.00022051693238697443,0.0006554669816562119
Unclassified Woesearchaeales,0.00021674904779873694,2.908950381862947e-05
Subdoligranulum,0.00021635000922638688,0.0
Unclassified NS9_marine_group,0.00021363519856726365,0.00041784674792933536
Methanoculleus,0.00021312635997739992,0.0001609678807402849
Marivita,0.00021302968317614735,0.000122521929711825
Rhodanobacter,0.00021215446618264678,0.0001062580939486092
Lentilactobacillus,0.0002117626946716755,0.0
CL500_3,0.00021143906074672854,0.0
Turicibacter,0.00021091679770009235,5.999605289125715e-05
Ruminococcus,0.00020481121151931498,0.00019186901148218543
Kouleothrix,0.0002039062547030608,0.00019289551071579068
Unclassified Burkholderiales,0.00020342038153717122,0.0002175216952375272
Roseburia,0.00020338969270232101,0.0006120777920442985
Acidothermus,0.00020336406057198245,2.9739854509296155e-05
Unclassified TRA3_20,0.00020287833773559934,0.0001079294281169935
Unclassified RF39,0.00020142745468427326,3.925110124242785e-05
Dietzia,0.0001998992261519475,0.00018071380008978697
Roseicyclus,0.00019882045215168366,0.0
Bosea,0.00019848215204607608,0.0
Unclassified Nitrosopumilaceae,0.000196971047973888,0.00016006082311278286
Pontimonas,0.00019601933808111738,0.0
Unclassified env.OPS_17,0.00019435337118118093,0.0006019250435460461
Prevotella_9,0.00019377663860800892,0.0003962738601751535
Cellulosimicrobium,0.00019019768409707312,0.00019072669718293823
Unclassified Rhizobiales,0.00018856539174289194,0.00031533587493922196
Phenylobacterium,0.00018844513217808096,0.00014345019292878806
Sediminibacterium,0.00018683199599644243,9.488890407111355e-07
Unclassified Gammaproteobacteria,0.00018635654642450793,0.0001816473371926184
Candidatus_Alysiosphaera,0.00018587245873439632,5.094726981050021e-05
Unclassified Gastranaerophilales,0.00017971013756611927,0.00026787957201514353
Unclassified 11_24,0.00017929901199930254,2.3682652457075193e-06
Unclassified Clostridiales_bacterium_feline_oral_taxon_148,0.00017884230006234375,0.001419482896777226
Stenotrophobacter,0.00017804833957892546,8.171389381515544e-05
[Eubacterium]_brachy_group,0.00017703614818077938,0.000410859426378247
Rhodopseudomonas,0.00017662558854457657,0.0
Ellin6055,0.00017611634826219632,0.0
Unclassified Bacteroidetes_vadinHA17,0.0001736545228700948,4.797129397768376e-06
Dongia,0.0001732830471205751,0.00012984062063816664
Monoglobus,0.0001725281077837225,1.578843497138346e-06
Flavisolibacter,0.00017144987590103278,0.00015093102015808
Unclassified Nitrososphaeraceae,0.0001699558643117514,0.00022961651385145792
Unclassified Candidatus_Zambryskibacteria,0.0001694955239944683,0.0
Unclassified NS11_12_marine_group,0.00016628261225273857,7.288177237378938e-05
Unclassified Candidatus_Vogelbacteria_bacterium_RIFOXYB1_FULL_42_16,0.00016616413134807627,0.0
Intestinimonas,0.00016451344939725184,5.2795613158447876e-05
Snodgrassella,0.00016221760202632024,5.3751408776194434e-05
Solirubrobacter,0.00016120234233379103,0.00035570058297308417
Agathobacter,0.00016065165058522243,0.0
Allorhizobium_Neorhizobium_Pararhizobium_Rhizobium,0.0001601479660108182,7.173334750788427e-05
Unclassified Cryomorphaceae,0.0001601055564968643,2.687199829991444e-06
Seohaeicola,0.00015962117192551878,0.0
P3OB_42,0.00015684954554447705,0.0003197252330680762
Commensalibacter,0.0001550929915989784,0.0002892151205238321
Unclassified Dehalococcoidia,0.000154717243236768,0.000140274380152702
Solobacterium,0.00015358623088070558,8.000186396736909e-05
Marmoricola,0.00015039347459928258,3.2298333244512917e-06
Pseudonocardia,0.00014996951676675153,0.0
Micromonospora,0.00014701377667312898,8.801700974555267e-05
Unclassified Clostridia_vadinBB60_group,0.0001468541857247619,0.0006701701790138815
Unclassified Actinobacteriota,0.00014658771398946193,0.0002232542324633027
SWB02,0.0001453852651802012,0.0
Unclassified Kapabacteriales,0.00014509059007616546,2.846667122133406e-06
Unclassified KF_JG30_B3,0.00014417525685738486,5.9997529860480255e-05
Unclassified WD2101_soil_group,0.00014404659096970898,0.0001155328060962483
Candidatus_Nitrosopumilus,0.00014368353918311187,3.947108742845865e-06
Unclassified CCD24,0.0001425257074159697,0.0
Nesterenkonia,0.00014156481620228838,5.9375288450437906e-05
Unclassified Tepidisphaerales,0.0001401475318569838,9.488890407111355e-07
Planomicrobium,0.00013980150480997808,2.846667122133406e-06
Oscillibacter,0.00013935777741100975,0.0002870550222748472
Chelativorans,0.00013795653726910912,0.0
Unclassified Candidatus_Kaiserbacteria,0.00013650963009481873,3.3764455618250834e-05
Prevotellaceae_NK3B31_group,0.00013551010885439797,7.931753821827001e-05
Xanthomonas,0.00013526436874825219,4.037291655564115e-06
Unclassified Chthonomonadales,0.0001351733036414288,0.0
Peptococcus,0.00013472466766872586,0.0006682456559984731
Unclassified Ilumatobacteraceae,0.00013311943209954718,0.00025238370249629905
Novosphingobium,0.0001326269853026267,0.0001467084531520564
Terrimonas,0.00013226396369028507,8.711299059502917e-05
Unclassified Chitinophagales,0.00013201470096913786,7.035042231014428e-05
YC_ZSS_LKJ147,0.00013164520538290795,2.6903769909771163e-06
Achromobacter,0.00013096849644167786,0.00019479807841684546
Clostridium_sensu_stricto_13,0.0001299670916393586,1.8046944703678732e-05
Unclassified C0119,0.00012859807975443882,4.031888016323526e-05
Acidipila_Silvibacterium,0.0001274018904667414,1.7995539491608484e-05
Unclassified PLTA13,0.00012736677774607602,3.795556162844542e-06
Unclassified BSV26,0.00012535602719971587,0.0
Exiguobacterium,0.0001246559190355761,0.00015630077067991065
Defluviicoccus,0.00012455894940302376,2.503120826449751e-05
Unclassified Methyloligellaceae,0.00012453669544483859,7.368451716934929e-05
Unclassified Sphingomonadaceae,0.00012431098310222477,8.269936958402937e-05
Unclassified Bathyarchaeia,0.0001239213336360249,1.930864442815943e-05
Unclassified Oxalobacteraceae,0.0001229674636212941,0.0
Unclassified UCG_010,0.00012280561897479462,0.0005698241992017969
Vibrio,0.00012259344086032608,2.7417494760688113e-05
Unclassified Geminicoccaceae,0.00012203574070519025,0.0005308271480895556
Unclassified 0319_6G20,0.00012023019649569457,3.440837288405833e-05
Luteolibacter,0.00011997734144981591,0.00017007220945442763
Anaerostipes,0.00011933203410026878,6.236932169912558e-05
Vicinamibacter,0.00011919752821941241,8.285129501117129e-05
Unclassified Proteobacteria,0.00011918827110959942,4.744445203555677e-06
Sphingosinicella,0.00011904958069782436,2.6840339451351885e-05
Unclassified Desulfovibrionaceae,0.00011896864071046803,0.0001041334591484333
Halonotius,0.00011886305154699598,0.0
Unclassified F082,0.00011877260502048023,0.0005654426716889375
Unclassified Actinomarinales,0.00011801622313375284,1.614916662225646e-05
UCG_002,0.00011765173091313416,0.00013717223080627827
Sphingobium,0.00011733758641448928,0.00036990847394095393
Cryobacterium,0.00011646375479024325,0.0
Chitinophaga,0.00011644857672197043,1.7784535901420317e-05
Collinsella,0.00011629101830080135,0.0007391125772913139
Unclassified Gemmatimonadota,0.00011617264494115294,4.96942092537472e-05
Butyricimonas,0.0001159414124840143,0.00011481075931038146
Odoribacter,0.0001150336340930129,0.00024045870185421692
[Eubacterium]_hallii_group,0.00011301894077577526,4.96942092537472e-05
Unclassified Candidatus_Falkowbacteria_bacterium_GW2011_GWA2_41_14,0.00011283795426300734,0.0
Clostridium_sensu_stricto_1,0.00011169625412512463,0.00010965697984690691
Unclassified RBG_13_54_9,0.00011023693997931049,9.688242822548799e-05
Sphingoaurantiacus,0.00011000083542054056,0.0
Rhodobacter,0.0001094652187343786,0.0
Halomonas,0.00010912224756732965,6.220308189382012e-05
Cellulomonas,0.00010832911524775094,3.0787448194197754e-05
Cutibacterium,0.00010829287762544287,0.0003988959405732935
Coprococcus,0.00010797049101669604,6.511655005663427e-05
Unclassified Clostridiales_bacterium_oral_taxon_075,0.00010789190845196228,0.00045924263442462753
Unclassified Methylacidiphilaceae,0.00010770037370480046,0.0
Succiniclasticum,0.0001074308950826532,4.88374125424757e-05
Phascolarctobacterium,0.00010714857765774802,0.00021532489616579497
Singulisphaera,0.00010688530156998973,7.625490730316381e-05
Lapillicoccus,0.0001063188172708153,0.0
Arthrobacter,0.00010585403965513323,0.00016001784273120105
Propionivibrio,0.00010485895708068083,1.9676530698668753e-05
Leifsonia,0.00010451022621705015,0.0
Unclassified Weeksellaceae,0.00010408674957137135,0.0
Unclassified Rhodobacteraceae,0.00010376035356931855,0.0
Unclassified Micropepsaceae,0.00010277671910497975,2.9191228275109036e-05
Unclassified AKYG1722,0.00010232796003668696,1.6669301524630567e-05
Butyrivibrio,0.00010200392932426451,6.434477131631646e-05
Erysipelotrichaceae_UCG_003,0.00010118221585724927,4.975059678561433e-06
Rubellimicrobium,9.955307435358159e-05,1.0779819723663324e-05
Rhizobacter,9.917237634726266e-05,5.868609140085798e-05
Gemmobacter,9.870464317410516e-05,3.55104489967547e-05
Sphingobacterium,9.802762827355081e-05,0.0002477612028496257
Unclassified Firmicutes,9.777732224706571e-05,9.460425892312642e-05
Desulfovibrio,9.752699863685421e-05,0.0005342649378717929
Unclassified Anaerovoracaceae,9.696066133834296e-05,0.00036188463327186635
Unclassified Xanthobacteraceae,9.679354654673892e-05,7.851596095860277e-05
Unclassified WCHB1_41,9.678775565685379e-05,9.488890407111355e-07
UCG_009,9.614872270317664e-05,0.0
Roseiarcus,9.544401046036982e-05,2.917777164625252e-05
Mucispirillum,9.51711952993985e-05,2.2230669876775397e-06
Bilophila,9.491238668778443e-05,6.79196268705989e-05
Unclassified Comamonadaceae,9.424545521504874e-05,4.037033509208948e-06
Allobaculum,9.370405449230156e-05,0.00031407098839234524
Iamia,9.369080742687409e-05,0.00010881318233148094
Enhydrobacter,9.357430493035464e-05,0.000123642849457965
Unclassified Parcubacteria_group_bacterium_GW2011_GWA2_40_14,9.151414533720953e-05,0.0
Unclassified Parachlamydiaceae,9.151127997916569e-05,0.0
Blastocatella,9.148484591932018e-05,4.6025124873430905e-05
Parapedobacter,9.139944389225245e-05,0.0
Unclassified Candidatus_Gracilibacteria_bacterium_HOT_871,9.139067366188572e-05,3.418251985431658e-05
Unclassified 0319_7L14,9.080255246589581e-05,2.846667122133406e-06
Unclassified Candidatus_Doudnabacteria_bacterium_RIFCSPLOWO2_02_FULL_48_13,9.01711121667682e-05,0.0
Rhodoferax,8.98425601739362e-05,0.0
Xanthobacter,8.90374557683912e-05,0.0
CK06_06_Mud_MAS4B_21,8.892119262650006e-05,0.00037870763249276524
Luteitalea,8.84461539691033e-05,3.4507092070097704e-06
Craurococcus_Caldovatus,8.787494873085929e-05,0.0
Adhaeribacter,8.761990065542062e-05,0.00029147672997620745
Occallatibacter,8.626023496308597e-05,7.1612083788920475e-06
[Eubacterium]_yurii_group,8.592358474651187e-05,0.00016291007315036895
Bdellovibrio,8.574598846423016e-05,0.00012098624685363939
Apibacter,8.505505381665223e-05,0.0
Pirellula,8.49299078722429e-05,0.0
Enterorhabdus,8.46799974497666e-05,1.660641156928174e-05
Trichococcus,8.420477958025615e-05,0.0
Unclassified Candidatus_Saccharibacteria_bacterium_UB2523,8.400949213270999e-05,0.00033032491790227475
SH3_11,8.373642249129478e-05,1.7084292189232455e-06
Shewanella,8.353225430258412e-05,0.0
Unclassified Hydrothermarchaeales,8.312198441172831e-05,1.578843497138346e-06
Ohtaekwangia,8.271130525061369e-05,0.00039905431689887555
Chthoniobacter,8.263702836765992e-05,6.678930661264799e-05
Sneathia,8.236538835585667e-05,0.0
Siphonobacter,8.222298017235841e-05,1.1992823494420939e-05
Oceanivirga,8.196422642617512e-05,0.0017105687270116228
Unclassified Candidatus_Sonnebornia_yantaiensis,8.156121960007815e-05,9.488890407111355e-07
Modestobacter,8.152068787399446e-05,0.0
Saccharofermentans,8.146881415917886e-05,0.0
Erysipelatoclostridium,8.122398191544825e-05,0.00011653198476834699
Steroidobacter,8.121617583449744e-05,1.1841326228537596e-05
Pajaroellobacter,7.960710536839085e-05,0.00021968967114154256
Algoriphagus,7.944783144839311e-05,6.4922874757930025e-06
Pusillimonas,7.935778342477013e-05,0.0
Ramlibacter,7.912267410637806e-05,1.8156700217090982e-05
Unclassified Ardenticatenales,7.910423847430055e-05,6.851795392063181e-05
Candidatus_Obscuribacter,7.90289119497702e-05,1.2524774003083069e-05
Pediococcus,7.882259555372309e-05,7.737003767920835e-06
Synechococcus_CC9902,7.870640581039098e-05,3.472070823785139e-05
Dokdonella,7.854460031110523e-05,0.0
Pseudorhodoplanes,7.846922468934703e-05,9.775937720180181e-05
Opitutus,7.666826431843776e-05,2.4024362466459627e-05
Leuconostoc,7.62814896145191e-05,3.8920699840132806e-06
Unclassified Desulfobulbaceae,7.625972826803852e-05,0.0
Unclassified A21b,7.623015065905766e-05,3.394513518847444e-05
Limibaculum,7.589013133657072e-05,3.87579998934155e-05
Chryseobacterium,7.581262638750905e-05,1.5404143098327726e-05
Unclassified Acidobacteriota,7.56533173175274e-05,4.900552868577104e-06
Spirochaeta,7.478765779789985e-05,0.0
Unclassified Solirubrobacteraceae,7.429215003869655e-05,3.795556162844542e-06
Unclassified SAR202_clade,7.413732466984263e-05,0.00034615618443177933
Roseibaca,7.406608891692912e-05,0.0
Lactococcus,7.380922787329449e-05,0.00015275296616357954
Parviterribacter,7.360766548460238e-05,2.846667122133406e-06
[Eubacterium]_ruminantium_group,7.305627618337958e-05,0.0
Defluviitaleaceae_UCG_011,7.271878706794743e-05,0.000558672369112479
Ahniella,7.265817377060437e-05,0.0
Prevotellaceae_UCG_003,7.260672955084437e-05,4.369663227484668e-05
Skermanella,7.249010268464679e-05,0.0
Methanobrevibacter,7.216350874149477e-05,0.0
Wolbachia,7.182216738366901e-05,0.0
Phaselicystis,7.156578639268523e-05,0.0
G12_WMSP1,7.117604065745415e-05,0.0
Rivibacter,7.055703327972287e-05,0.0
Unclassified Eggerthellaceae,7.028525861043992e-05,6.544308526598113e-05
Unclassified Ktedonobacteraceae,6.968875657662832e-05,5.9620340492228984e-05
Unclassified B12_WMSP1,6.958096013211725e-05,0.0
Nocardia,6.947786797958529e-05,0.0
OM27_clade,6.895251175795635e-05,0.00025541629818226784
Keratinibaculum,6.893639003685915e-05,0.0
Variovorax,6.884912873080114e-05,0.0
Unclassified Microbacteriaceae,6.870696064394947e-05,0.0
Mammaliicoccus,6.862396387479896e-05,0.0
Unclassified Aminicenantales,6.827664033454783e-05,0.0
Incertae_Sedis,6.77422682539451e-05,2.846667122133406e-06
Aridibacter,6.760963253202294e-05,1.456554409161556e-05
BacC_u_018,6.715065190706939e-05,0.0
Unclassified Nocardioidaceae,6.701396125326815e-05,0.0
Curvibacter,6.682863282376849e-05,0.0
Unclassified B1_7BS,6.673688720794442e-05,0.0002476600396256063
Unclassified Planctomycetes,6.633342231810985e-05,4.744445203555677e-06
Unclassified BIrii41,6.629442275001059e-05,6.257537927780449e-05
Unclassified Sutterellaceae,6.610654664147318e-05,3.6842258584674646e-05
Planococcus,6.607763725391005e-05,0.0
Halorubrum,6.590442137887636e-05,8.728120481511225e-06
Unclassified Oscillospirales,6.559513170851844e-05,0.0001119967882707221
Polynucleobacter,6.549156596586485e-05,0.0
Ensifer,6.501209204620109e-05,0.0001494866684646157
Proteus,6.468649329028293e-05,6.911633415527449e-05
Tropicimonas,6.462936875062289e-05,0.0
[Clostridium]_innocuum_group,6.420981835524225e-05,0.0
Limnohabitans,6.356591784827008e-05,0.0
Dysgonomonas,6.333312825567378e-05,0.0
Unclassified Eubacteriaceae,6.295275999207732e-05,6.018623150522081e-06
Unclassified Blfdi19,6.283343030834179e-05,1.7121075577096984e-05
Unclassified Acidobacteriae,6.271965102413795e-05,5.740537965519073e-05
Unclassified Subgroup_13,6.267740893716112e-05,0.0
Plesiomonas,6.247724130461653e-05,0.0
Unclassified Phycisphaeraceae,6.215517443243927e-05,5.397819281010472e-05
Hirschia,6.193688642234203e-05,1.1672806562918762e-05
Methylibium,6.162921463678795e-05,3.2234471321324325e-05
Aminobacter,6.159336832672793e-05,0.0
Pedococcus_Phycicoccus,6.139797761696904e-05,7.463790819830787e-05
Janibacter,6.139299623131501e-05,3.427186845086013e-05
Castellaniella,6.128650663403332e-05,0.0
Lysinimicrobium,6.0891686255103305e-05,0.0
Methanobacterium,5.978033230259801e-05,0.0
Lawsonella,5.968240713710973e-05,4.9517168217782274e-05
Unclassified Erysipelotrichaceae,5.9492303892177636e-05,6.425975334536276e-05
Unclassified S085,5.8927717250539005e-05,0.00037256974104845497
Pantoea,5.826542873265073e-05,3.449873636038727e-05
Peredibacter,5.7410779799762144e-05,3.419611132593519e-05
Unclassified Sphingobacteriaceae,5.7279156011064824e-05,0.00045736451762276733
Frankia,5.7236639497757516e-05,4.726008243583807e-05
Unclassified Peptococcaceae,5.707819350306589e-05,0.0007807762132131225
Thermoactinomyces,5.695665603946367e-05,0.0
Chryseolinea,5.679830353634367e-05,0.00011047247025307234
Unclassified Oligoflexaceae,5.5809110268102646e-05,7.89421748569173e-07
Niabella,5.560447471696943e-05,3.3346004815163095e-06
Lewinella,5.543923499513095e-05,9.689499973353874e-06
Sumerlaea,5.543306588828664e-05,6.819737867629981e-05
Lutimonas,5.509247804033156e-05,2.2230669876775397e-06
Unclassified Azospirillales,5.4622349462234595e-05,6.378920815791302e-05
Noviherbaspirillum,5.4610833807437477e-05,0.0
Photobacterium,5.460437730606865e-05,7.53981105918923e-05
Aquabacterium,5.419600714998184e-05,5.368067890270377e-05
Terrisporobacter,5.418736929358332e-05,0.00014051466064852656
Unclassified Barnesiellaceae,5.373345077037546e-05,9.424763823986538e-06
Cenarchaeum,5.315940863540765e-05,0.0
Pseudoduganella,5.315940863540765e-05,0.0
Celeribacter,5.3080579253709885e-05,4.9733570159857905e-05
Latilactobacillus,5.29327865719662e-05,3.6842258584674646e-05
Unclassified Limnochordaceae,5.291924754900817e-05,0.004559805198644889
Dechloromonas,5.2669346314998936e-05,5.637237088044911e-05
Tahibacter,5.263469545038384e-05,0.0
Rhodoluna,5.248085270271462e-05,0.0
Methylocapsa,5.219287393294569e-05,0.0
Acidiphilium,5.219287393294569e-05,0.00027058247179800773
[Eubacterium]_oxidoreducens_group,5.219287393294569e-05,0.00021824447936356114
Unclassified Gracilibacteria_bacterium_oral_taxon_872,5.20981019896158e-05,4.990955253832111e-05
Unclassified KF_JG30_C25,5.148376612961895e-05,4.552179355866621e-06
Unclassified SAR86_clade,5.127623476951195e-05,4.037291655564115e-06
Armatimonas,5.113275251867092e-05,0.0
Unclassified Myxococcaceae,5.1083965129742136e-05,3.0993738686851934e-05
Colidextribacter,5.095636795905125e-05,2.2230669876775397e-06
Deinococcus,5.0827077014659644e-05,7.28277204580778e-05
Rubrobacter,5.07958827545244e-05,0.000453458108960363
Aquicella,5.0687255293028855e-05,0.0
Amnipila,5.064452208287869e-05,2.092772588216684e-05
Methyloceanibacter,5.063081309999965e-05,0.00035472156405166443
Sporobacter,5.025980452802177e-05,0.0
[Eubacterium]_siraeum_group,5.0151251195431604e-05,0.0
Jeotgalicoccus,4.980779074156921e-05,0.0
Pedobacter,4.953082146338182e-05,0.0002055603113393673
Unclassified Symbiobacteraceae,4.899102055871079e-05,1.7563473718239585e-06
WCHB1_32,4.856093938011089e-05,0.0
Mucilaginibacter,4.832141521980259e-05,0.0
Unclassified Rhodothermaceae,4.828532173754093e-05,0.0
Azotobacter,4.8207864358962485e-05,1.5575086714295282e-06
Ureaplasma,4.8114090737218636e-05,0.0
Candidatus_Soleaferrea,4.752530132162968e-05,0.0
Unclassified Lactobacillales,4.674116570690131e-05,0.0001879102406269462
Pelomonas,4.673358809160959e-05,0.0
Family_XIII_AD3011_group,4.6585651564686565e-05,0.00020875070425013773
Ottowia,4.654796977529868e-05,0.0
Thioalkalispira_Sulfurivermis,4.639366571817395e-05,3.157686994276692e-06
Oceanobacillus,4.6276349950229035e-05,0.0002707477607617951
Unclassified Rhizobiales_Incertae_Sedis,4.6097690853734696e-05,2.4125151949545747e-05
dgA_11_gut_group,4.604763867116823e-05,0.0
Parasegetibacter,4.5888918175154877e-05,0.0
Afipia,4.585014505318617e-05,0.0
Paludisphaera,4.571452424286795e-05,1.7935197569012078e-05
Streptacidiphilus,4.5688687905885555e-05,0.0
Catenulispora,4.554246923063318e-05,0.0
Aerococcus,4.552286935400902e-05,0.00041399893901115226
Mitsuaria,4.551433320157142e-05,0.0
Roseovarius,4.529226900999635e-05,3.4507092070097704e-06
Roseimicrobium,4.5104289162005295e-05,0.0
Unclassified Desulfobacterales,4.507108196282633e-05,0.0
Smithella,4.495700243761503e-05,0.0
AKYG587,4.486763307484387e-05,7.152299962053093e-05
Unclassified Diplorickettsiaceae,4.480394658153563e-05,0.0
Kocuria,4.446059631325003e-05,0.0
Microcoleus_PCC_7113,4.446059631325003e-05,0.0
Unclassified Desulfocapsaceae,4.368604745730069e-05,2.0993916608933398e-05
1921_2,4.3617068620575936e-05,0.0
Sinomonas,4.346738444831588e-05,2.5693997804398476e-05
Nakamurella,4.271052335676022e-05,0.0
Amycolatopsis,4.2656501513749576e-05,0.0
Caenimonas,4.25978909258268e-05,1.61311136920893e-05
Unclassified Reyranellaceae,4.2527526908326115e-05,9.687951095222872e-06
Finegoldia,4.21593164207304e-05,0.0
Methylocystis,4.203914672787737e-05,0.000197798105346716
Unclassified Dadabacteriales,4.199572890691326e-05,0.0
Shinella,4.1933390813660825e-05,6.459666648902583e-06
Endomicrobium,4.18489709756331e-05,7.4957923082929e-06
Longimicrobium,4.184236550573425e-05,2.336263007144292e-06
OM60_NOR5__clade,4.168899653791426e-05,1.6825120745662657e-05
CAG_873,4.117395516971449e-05,5.140780267629021e-05
Unclassified PB19,4.1073428816275564e-05,3.529570872829793e-05
Fusicatenibacter,4.055575230184412e-05,7.039972966503808e-06
Kosakonia,4.050175870448105e-05,0.0
Unclassified PAUC26f,4.034259231808589e-05,3.157686994276692e-05
Unclassified AKYH767,4.013440735429605e-05,9.645330750641799e-05
Prosthecobacter,3.996404759942877e-05,0.0
Unclassified Candidatus_Nomurabacteria_bacterium_GW2011_GWB1_35_20,3.995318509108778e-05,0.0
Unclassified Thalassobaculales,3.979694868169947e-05,0.0
Unclassified CG1_02_32_21,3.965003424210854e-05,0.0
V9D2013_group,3.962792280094025e-05,1.897778081422271e-06
Promicromonospora,3.9481167232638846e-05,4.712381911993269e-05
Roseomonas,3.945660903049877e-05,0.00011423023958742884
Herbinix,3.943669659243603e-05,1.5575086714295282e-06
Tepidisphaera,3.901599858516053e-05,1.1777536458834772e-05
Unclassified DS_100,3.892866211046838e-05,8.604411403504655e-06
Unclassified Dysgonomonadaceae,3.891739676257849e-05,0.0
Prevotellaceae_Ga6A1_group,3.887730805995637e-05,1.897778081422271e-06
Herbaspirillum,3.8803930374479485e-05,2.9987884894502623e-05
Tyzzerella,3.878124391609854e-05,3.3314369769003285e-05
Amaricoccus,3.866138809847829e-05,2.490338265759561e-05
Anaerocolumna,3.8643677191799106e-05,0.0
JGI_0001001_H03,3.824950102238782e-05,4.283983556357517e-05
Blastomonas,3.7943056458198826e-05,0.0
Unclassified Latescibacteraceae,3.769485339601633e-05,0.00011915695005301703
Dactylosporangium,3.769485339601633e-05,0.0
Anaerotruncus,3.7676977534198834e-05,9.28238277703836e-05
Saccharothrix,3.758100526250505e-05,4.269928071541339e-05
Unclassified Methylococcaceae,3.752233888082207e-05,8.139568757079284e-05
possible_genus_04,3.739254041975146e-05,5.978000956480153e-05
Geodermatophilus,3.708496707583241e-05,0.0
Unclassified Micromonosporaceae,3.679144106824791e-05,1.5422340802887063e-05
Sphaerisporangium,3.672831869355437e-05,3.3346004815163095e-06
Unclassified Desulfosarcinaceae,3.672831869355437e-05,0.0
Unclassified Parcubacteria_bacterium_C7867_005,3.660980895154382e-05,2.8274291471959616e-05
IMCC26207,3.650049787391946e-05,9.107731735260194e-05
Caulobacter,3.635740604391808e-05,0.0
Chthonomonas,3.6134088584366164e-05,0.0
Unclassified mle1_27,3.59836454153041e-05,0.0
Unclassified Lineage_IV,3.584658639024286e-05,2.4125151949545747e-05
Sutterella,3.5761783991092415e-05,7.870068906269962e-05
Reyranella,3.569823245424133e-05,2.0538857464436967e-06
[Ruminococcus]_gauvreauii_group,3.554447510550394e-05,9.440044774590455e-05
Megamonas,3.5318448670169976e-05,0.0
Unclassified Acetobacteraceae,3.520023845582201e-05,0.0
Candidatus_Arthromitus,3.5103151707001046e-05,0.00010420367081113085
Tenacibaculum,3.4829828734960446e-05,0.0
Unclassified Halobacterales,3.4628093783626936e-05,3.710969624242708e-05
Atlantibacter,3.4321262708673275e-05,3.891153540249314e-06
Unclassified Cyclobacteriaceae,3.419218383671306e-05,1.9104264430540343e-05
mle1_7,3.411609737389252e-05,0.0
Asticcacaulis,3.410091774045835e-05,1.74166775548878e-05
Bacteroidetes_bacterium_OLB10,3.4020515613606176e-05,1.0269428732218484e-06
Halomicrobium,3.3958574335536096e-05,0.0
Unclassified Elsteraceae,3.386735849497364e-05,0.0
Anaerococcus,3.3595063146349504e-05,4.416681128993309e-05
Morganella,3.3589030935729794e-05,3.481440114924508e-05
KCM_B_112,3.316916806419428e-05,0.0
Leptospirillum,3.314121231325028e-05,0.0
Draconibacterium,3.3054165730219166e-05,2.687199829991444e-06
Bacteroidetes_bacterium_OLB9,3.293835639726633e-05,8.540570270958132e-06
Unclassified Cyanobiaceae,3.286217988370655e-05,0.0
Marvinbryantia,3.286217988370655e-05,7.130156644360852e-06
Flaviaesturariibacter,3.286217988370655e-05,0.0
Lachnospiraceae_NK3A20_group,3.2719087006596165e-05,8.396607770460733e-05
Pseudoramibacter,3.269908580240115e-05,2.333052634141576e-05
Unclassified Simkaniaceae,3.2227859580712566e-05,0.00022230669876775397
Pseudarcicella,3.210206640471758e-05,0.0
Unclassified SJA_28,3.20748188857385e-05,0.0
Cobetia,3.1946642923097216e-05,9.242485858996636e-06
Acidisphaera,3.186986895109887e-05,7.742799088845675e-05
Succinivibrio,3.162845077304296e-05,4.2839835563575166e-06
Diaphorobacter,3.162845077304296e-05,0.0
[Eubacterium]_eligens_group,3.1510199103313645e-05,0.0002595212054668775
Verrucosispora,3.1504399947985444e-05,0.0
Aggregicoccus,3.108013857627627e-05,4.5913322333850586e-06
Filomicrobium,3.107948955614191e-05,0.0
bacterium_WX65,3.092911047878263e-05,3.3346004815163095e-06
Unclassified Candidatus_Kapabacteria_sp._59_99,3.0595519450647204e-05,0.0
Methanomassiliicoccus,3.056234656266807e-05,2.667192577138354e-05
SAR92_clade,3.0537814539489754e-05,0.0
Coriobacteriaceae_UCG_002,3.048602408630227e-05,0.0
Unclassified Solirubrobacterales,3.04596826172142e-05,1.4021056329319446e-05
Arenimonas,3.0399868146107687e-05,3.394513518847444e-05
SEEP_SRB1,2.9962575776320673e-05,0.0
Fermentimonas,2.9873632404959722e-05,0.0
Erwinia,2.9767613446351975e-05,0.0
BD1_7_clade,2.970164347193856e-05,0.0
Mobiluncus,2.96688260918128e-05,2.3466576555012696e-06
Acetitomaculum,2.9447178305936552e-05,7.195694096652563e-06
Enterobacillus,2.941822517886281e-05,0.0
Unclassified Marine_Group_II,2.9410027846782434e-05,0.0
Unclassified Ignavibacteriales,2.939334676068995e-05,0.0
Unclassified Enterobacteriaceae,2.928019534495919e-05,0.0006333945771380173
Halioglobus,2.9277334694837093e-05,0.0
Unclassified SM2D12,2.9273112287019556e-05,0.0002514555957884509
Brachymonas,2.924655018421245e-05,3.022496609425194e-05
Macellibacteroides,2.8696254827665514e-05,0.0
Faecalitalea,2.840409134498021e-05,0.0
Archangium,2.8113943192397577e-05,0.00012166048682648299
Unclassified Thermodesulfovibrionia,2.805726412936401e-05,0.000424280002415408
Azospirillum_sp._47_25,2.8029506371396757e-05,0.0
Unclassified cvE6,2.802697224561145e-05,0.0
Adlercreutzia,2.792512003210685e-05,0.0
Unclassified Blastocatellaceae,2.7879367971862516e-05,6.71604721919626e-05
Lachnospiraceae_UCG_006,2.767185096678838e-05,1.547400753584167e-05
Herminiimonas,2.7620553090952357e-05,0.0
Hyphomonas,2.7537716877357756e-05,0.0
Pseudohongiella,2.752247844806798e-05,0.0
Unclassified Clade_IV,2.7457010166938622e-05,0.0
Sandaracinus,2.7434131219941334e-05,3.141872858322549e-05
Unclassified Atopobiaceae,2.7289513815175258e-05,1.3960364736578242e-05
Unclassified Neisseriaceae,2.7286475047453153e-05,7.638464405392764e-05
Povalibacter,2.7158966586638298e-05,8.892267950710159e-06
RS25G,2.7062971668934803e-05,0.0
Enorma,2.6759000709825227e-05,0.0
Acetatifactor,2.6619311912492034e-05,0.0
Unclassified Pseudomonadales,2.655937588953914e-05,0.0001513173446597716
Unclassified Rhodanobacteraceae,2.655578208408972e-05,1.0891019979848225e-05
Tychonema_CCAP_1459_11B,2.638441573624178e-05,3.0093115752610406e-06
Unclassified Entotheonellaceae,2.634464002865534e-05,4.7365304914150384e-05
Unclassified YM_S32_TM7_50_20,2.632801376941802e-05,0.0
Hassallia,2.625346263438029e-05,3.23662916913361e-05
Nitrosomonas,2.5714759765177314e-05,9.488890407111355e-07
Natrialba,2.5705859803548758e-05,0.0
Unclassified Haloferacaceae,2.538589164898989e-05,0.0
Sphingopyxis,2.5323246369973574e-05,0.0
Crenobacter,2.532188811052351e-05,0.0
Roseisolibacter,2.5210560934659057e-05,2.5703901338145106e-05
Unclassified Sumerlaeia,2.5129902264010886e-05,0.0
Nonomuraea,2.5129902264010886e-05,1.897778081422271e-06
Gordonia,2.508463337172373e-05,0.0
ADurb.Bin063_1,2.4949026487600248e-05,2.656069804941661e-05
Nannocystis,2.4905785009476734e-05,6.669200963032619e-06
Flavitalea,2.4671477784830757e-05,0.0
Pigmentiphaga,2.4524838691410257e-05,0.0
Cellvibrio,2.449818675020323e-05,0.0
Unclassified Thermoactinomycetaceae,2.4401772072986936e-05,0.00028337097974245613
Unclassified Nannocystaceae,2.436173591109971e-05,0.0
Acetobacter,2.433395307283796e-05,0.0
Candidatus_Omnitrophus,2.4184228762719167e-05,0.0
Agreia,2.416336756154893e-05,0.0
Pelagibius,2.416336756154893e-05,2.5703901338145104e-06
Halovenus,2.4160354458549476e-05,1.6149166622256458e-06
Unclassified Micavibrionales,2.414876135712865e-05,0.0
alphaI_cluster,2.4100513236277574e-05,0.0
Clostridium_sensu_stricto_11,2.403538007947699e-05,0.0
Kushneria,2.3993997138170524e-05,0.0
Sagittula,2.3993997138170524e-05,0.0
UCG_004,2.3993997138170524e-05,3.8640656839387374e-05
Mesonia,2.3993997138170524e-05,0.0
Thermomonas,2.3806062810520096e-05,4.712381911993269e-05
Aminivibrio,2.3520962212473868e-05,0.0
Aestuariibacter,2.337123723080584e-05,0.0
Paludicola,2.3224978466087244e-05,0.0
Unclassified Actinomycetaceae,2.3196832859086974e-05,2.8580738817691746e-05
Tolypothrix,2.3196832859086974e-05,0.0
Tateyamaria,2.3196832859086974e-05,0.0
Unclassified Omnitrophales,2.3196832859086974e-05,1.897778081422271e-06
Unclassified Spirochaetaceae,2.312667345734536e-05,8.074583311128229e-07
Methylophaga,2.3103043116508606e-05,0.0
[Eubacterium]_fissicatena_group,2.3099008874263754e-05,0.0002525049435983292
Microbacterium,2.293432198290056e-05,0.0
Psychroserpens,2.290336090461732e-05,0.0
Ketobacter,2.2776712121063456e-05,0.0
Litorilinea,2.260786840035911e-05,1.4039969050259618e-05
Citrifermentans,2.260260274989876e-05,0.0
Ruminiclostridium,2.2478501218807514e-05,0.0
Ruegeria,2.2393830071318942e-05,0.0
Roseibacterium,2.2378920170748057e-05,1.1995153957801048e-05
Unclassified Myxococcales,2.2358302488675118e-05,1.897778081422271e-06
Unclassified Moraxellaceae,2.231308014008364e-05,0.0
Anaeroglobus,2.2310223732286232e-05,0.00019821827974330375
Gramella,2.2308908265769212e-05,0.0
JTB255_marine_benthic_group,2.2230298156625016e-05,0.0
Desulforhopalus,2.2230298156625016e-05,0.0
Unclassified Iainarchaeales,2.2230298156625016e-05,0.0
Syntrophobacter,2.2149239900571292e-05,0.0
Unclassified Hyphomonadaceae,2.20012918358477e-05,7.89421748569173e-06
Butyricicoccus,2.200015969544636e-05,0.0
Ruminofilibacter,2.188421228546627e-05,0.0
Hydrogenophaga,2.1871261066248105e-05,0.0
Endozoicomonas,2.1747531960007254e-05,5.327504160838877e-05
Harryflintia,2.1700135934104853e-05,0.0
Fluviicola,2.166536313006088e-05,0.00013797535149403744
Salinarimonas,2.1632016277947942e-05,0.0
Succinivibrionaceae_UCG_002,2.159266721588189e-05,0.0
Unclassified Bacilli,2.1561693563572312e-05,0.001256657582819962
Unclassified Magnetospiraceae,2.1482638488290774e-05,5.0551005965018706e-05
Lachnospiraceae_NC2004_group,2.1455749300675682e-05,0.0
Natribacillus,2.141318752596384e-05,3.2554908605034534e-05
[Aquaspirillum]_arcticum_group,2.1263763454163057e-05,0.0
Proteiniclasticum,2.1246579300732583e-05,0.0
Algibacter,2.1246579300732583e-05,0.0
Pseudoruegeria,2.122826756108434e-05,0.0
Thermincola,2.120918676498506e-05,0.0
Niastella,2.118803568199197e-05,3.3346004815163095e-06
Natronomonas,2.1145728832424112e-05,0.00016165492096716598
JG30a_KF_32,2.108755925984085e-05,0.0
UTCFX1,2.1047103588708944e-05,1.7081140541916265e-06
Anaeromyxobacter,2.0957085186262374e-05,0.0
Unclassified Verrucomicrobiaceae,2.0955347819760727e-05,1.1128602176215461e-05
Caproiciproducens,2.0834399553223336e-05,0.0
Unclassified Hungateiclostridiaceae,2.0758762664893912e-05,3.0601534360932854e-06
Haloarcula,2.0740972490222087e-05,0.0
Unclassified JTB23,2.060240866756188e-05,0.0
Jiangella,2.0592757625203966e-05,0.0
Sphingorhabdus,2.0576325990477618e-05,3.1129228321994514e-06
Unclassified Blastocatellia,2.044825684919474e-05,3.855585200721765e-05
Candidatus_Microthrix,2.0426280021808354e-05,6.618006749672191e-05
Unclassified AKIW781,2.0367592769201783e-05,5.140780267629021e-06
Myxococcus,2.0297228751701103e-05,1.026248273139925e-05
Rhodoplanes,2.0297228751701103e-05,8.415421949256536e-06
Chryseomicrobium,2.0297228751701103e-05,0.0
Dorea,2.0297228751701103e-05,0.000112016913539606
Unclassified Myxococcota,2.0127378336034165e-05,0.0
Alteromonas,2.0086411761947127e-05,0.0
Unclassified ABY1,2.0045740894608528e-05,0.0
Unclassified Thermoleophilia,1.999345645327317e-05,0.0
Cyanobium_PCC_6307,1.991774497950627e-05,0.0001989644953971398
Lechevalieria,1.9845214965248537e-05,5.4834989521376226e-05
Unclassified Candidatus_Campbellbacteria_bacterium_RIFOXYC2_FULL_35_25,1.970816353017818e-05,0.0
Solirubrobacterales_bacterium_67_14,1.9671039798100852e-05,0.0
Family_XIII_UCG_001,1.9630733225003845e-05,4.7195747856935374e-05
Unclassified Desulfobacterota,1.957889711142164e-05,0.00022603127816655283
Unclassified Bacteroidetes_BD2_2,1.948172214673278e-05,0.0
Nodosilinea_PCC_7104,1.9330694049239145e-05,0.0
Unclassified Planctomycetales,1.923559359203303e-05,1.0496958304466699e-05
Barnesiella,1.913512007792338e-05,9.424763823986538e-06
Halolamina,1.8994577038748694e-05,2.3133511204330593e-05
Unclassified Rikenellaceae,1.8933972134231997e-05,0.0
Phyllobacterium,1.8900229643324422e-05,7.28277204580778e-05
Sporosarcina,1.8850217570820685e-05,0.0
Microlunatus,1.873874432036064e-05,0.0
Ideonella,1.866449085597536e-05,4.4114733094189145e-05
Terracidiphilus,1.863154261327978e-05,1.049528035315811e-05
Pseudorhodoferax,1.863154261327978e-05,2.3346921241495882e-06
[Rhizobium]_sphaerophysae_group,1.8540815970404494e-05,0.0
Paucilactobacillus,1.851096873186763e-05,0.0
Fimbriiglobus,1.8509626851687143e-05,0.0
Levilactobacillus,1.8448596167778003e-05,0.0
Dinghuibacter,1.8364159346777187e-05,0.0
Unclassified Candidatus_Nomurabacteria_bacterium_CG2_30_43_9,1.8364159346777187e-05,0.0
Fimbriimonas,1.8364159346777187e-05,0.00011577857780521366
Unclassified Paludibaculum,1.8127884713733755e-05,0.0
Unclassified Euzebyaceae,1.8083652532327752e-05,0.0
Hafnia_Obesumbacterium,1.8083044815318445e-05,4.744445203555677e-06
Thalassotalea,1.8070547417116423e-05,0.0
Polyangium,1.8019031977966988e-05,0.0
Halomicroarcula,1.7919617515644124e-05,0.0
1921_3,1.781442802839909e-05,2.3716189129722965e-05
Sva0996_marine_group,1.7645827706497727e-05,0.0
alpha_proteobacterium_HIMB59,1.7548439018384596e-05,0.0
Flavonifractor,1.750740168268093e-05,5.920663114268798e-05
Unclassified Obscuribacteraceae,1.748954266407196e-05,0.0
Desulfobulbus,1.747583451281286e-05,8.135148290984949e-05
Nioella,1.7450179736851288e-05,0.0
Clostridium_sensu_stricto_12,1.7428092175388866e-05,2.5584690121431333e-05
Unclassified Rickettsiales,1.739762464431523e-05,0.0
BIyi10,1.739762464431523e-05,2.846667122133406e-06
Unclassified Micrococcaceae,1.739762464431523e-05,0.0
Lachnospiraceae_UCG_004,1.739762464431523e-05,0.0
Fusibacter,1.739762464431523e-05,3.7791147625385784e-05
Polycyclovorans,1.7248862525476628e-05,0.0
Unclassified Bacteroidales_RF16_group,1.7000442011492298e-05,0.0
Candidatus_Mesochlamydia,1.6927496066218264e-05,0.0
Marinovum,1.6918526513454332e-05,0.0
Salinibacterium,1.6825334605052744e-05,3.9471087428458653e-05
Unclassified Bacillales,1.6812987645211113e-05,0.0
Globicatella,1.674630464877417e-05,0.0
Unclassified Butyricicoccaceae,1.6623075788365895e-05,0.0
Desulfovermiculus,1.6431089941853274e-05,0.0
Streptosporangium,1.6431089941853274e-05,5.525952239984212e-06
Azohydromonas,1.6431089941853274e-05,6.073998013670704e-05
Brachybacterium,1.6431089941853274e-05,4.844749986676937e-06
Falsirhodobacter,1.6431089941853274e-05,0.0
Unclassified Clade_II,1.6361485562360998e-05,0.0
Lacticaseibacillus,1.6208155654448337e-05,3.080828619665545e-06
Pontibacter,1.6187503509996764e-05,9.435206038008625e-05
Unclassified Armatimonadales,1.612115791266915e-05,0.0
Wolinella,1.6033473991822294e-05,0.00013622437035168023
Methanolobus,1.6022490038527802e-05,3.5985461873403146e-05
Prochlorococcus_MIT9313,1.60174005744182e-05,0.00028869713730772815
Unclassified WWH38,1.595825869481632e-05,0.0
Paramesorhizobium,1.5921200670813254e-05,0.0
Bulleidia,1.5811790019001794e-05,2.7845715377277573e-05
Actinomadura,1.570219408529779e-05,0.0
Ignavibacterium,1.5689340322395538e-05,0.0
Unclassified Babeliales,1.5643728943885226e-05,8.03747756062026e-06
Methylobacillus,1.55893424101603e-05,0.0
Yoonia_Loktanella,1.5566807326921592e-05,0.0
2013Ark19i,1.5522034541767627e-05,0.0
Sulfurimonas,1.5517874971275948e-05,4.026944542976066e-05
Haloterrigena,1.549270084639159e-05,0.0
Unclassified MWH_CFBk5,1.5464555239391316e-05,0.0
Unclassified NS7_marine_group,1.5464555239391316e-05,0.0
Truepera,1.538496166542671e-05,0.0
OLB12,1.5382412152774457e-05,0.0
Glaciihabitans,1.5361465195987533e-05,0.0
Blastopirellula,1.5310514038898223e-05,0.0
Unclassified Xanthomonadaceae,1.5301699347731562e-05,9.320327639488535e-05
Bacteroidales_bacterium_Bact_22,1.5268907269744877e-05,0.0
Natronorubrum,1.5193012500320933e-05,2.5838666595610334e-05
Carnimonas,1.5104665657992877e-05,0.0
Lysinibacillus,1.4791484655201398e-05,2.6050917702782713e-05
Aliidongia,1.4709112589431404e-05,0.0
Unclassified KI89A_clade,1.4709112589431404e-05,0.0
Planktotalea,1.4709112589431404e-05,0.0
Methylocella,1.4709112589431404e-05,0.0
Unclassified SG8_4,1.4688253941923952e-05,0.0
Woeseia,1.4667596355693816e-05,0.00010711763315751186
Sphaerobacter,1.465386178490377e-05,0.00013194669353581154
Unclassified Candidatus_Vogelbacteria,1.4651178024542804e-05,0.0
Unclassified Syntrophobacterales,1.4626024868979457e-05,8.074583311128229e-07
Macrococcus,1.4617979952598263e-05,0.0
Polaribacter,1.4597403219337462e-05,5.569178623264772e-05
Unclassified Planococcaceae,1.4498020536929358e-05,0.0
Rhodocytophaga,1.4498020536929358e-05,3.673122820684978e-05
Unclassified Elev_16S_573,1.4498020536929358e-05,0.0
Atopostipes,1.4498020536929358e-05,0.0
Spiroplasma,1.4396724108380682e-05,0.0
Brevinema,1.4323775602130435e-05,0.0
Unclassified Selenomonadaceae,1.4243188195245624e-05,8.073292579352393e-06
Urania_1B_19_marine_sediment_group,1.3851007800964717e-05,0.0
Umezawaea,1.3810276545476179e-05,0.0
Unclassified Acidimicrobiaceae,1.3810276545476179e-05,0.0
Candidatus_Nostocoida,1.380763972647889e-05,1.1386668488533625e-05
Maricaulis,1.3728505083469311e-05,0.0
Ferrovibrio,1.3683424281482964e-05,0.0
Candidatus_Methylopumilus,1.3683108159277691e-05,0.0
Tumebacillus,1.3649661271245705e-05,9.908889469754824e-05
Arcobacter,1.3576280443183633e-05,0.0
Peptoniphilus,1.3543908066711095e-05,4.6693842482991764e-06
Croceicoccus,1.3531485834467401e-05,0.0
Acidaminococcus,1.3531485834467401e-05,2.987595825117445e-05
Thermosipho,1.3531485834467401e-05,0.0
Citrobacter,1.3531485834467401e-05,0.00046900550635981295
Unclassified Vicinamibacteria,1.3531485834467401e-05,0.0
Unclassified Candidatus_Zambryskibacteria_bacterium_RIFCSPHIGHO2_01_FULL_43_27,1.3464709024239714e-05,0.0
Candidatus_Hamiltonella,1.3459484994662904e-05,0.0
Unclassified Enterobacterales,1.3445423599288881e-05,6.110884348859565e-05
Denitratisoma,1.3351996218529143e-05,0.0
Brumimicrobium,1.3350798147252276e-05,0.0
Unclassified Holosporaceae,1.3320144330724804e-05,2.0538857464436967e-06
Herpetosiphon,1.3156168138194202e-05,0.0
Robiginitalea,1.30078735954443e-05,0.0001989644953971398
Unclassified PeM15,1.2998042920553093e-05,0.0
Unclassified Candidatus_Adlerbacteria_bacterium_GW2011_GWC1_50_9,1.2883110249001258e-05,0.0002402763135128324
Gemmatirosa,1.2862765939958971e-05,0.0
Inquilinus,1.2852929901774379e-05,7.550861850981842e-05
Planktosalinus,1.2757548619865132e-05,0.0
Cryptobacterium,1.274794758043955e-05,0.0
Calothrix_KVSF5,1.274794758043955e-05,0.0
Aliifodinibius,1.274794758043955e-05,0.0
Sulfurifustis,1.274794758043955e-05,3.229317031740957e-06
Blastochloris,1.2739189031978707e-05,0.0
Unclassified Candidatus_Azambacteria,1.2666939247175077e-05,0.0
Marinoscillum,1.2657967951427637e-05,0.0
Gryllotalpicola,1.265358946901024e-05,0.0
Plantactinospora,1.2578736213750637e-05,0.0
ZOR0006,1.2564951132005443e-05,0.0
Pelobacter,1.2564951132005443e-05,7.89421748569173e-07
Patulibacter,1.2564951132005443e-05,1.1115334938387698e-06
Planctopirus,1.2550344927585162e-05,0.0
Ileibacterium,1.2516634573486111e-05,0.0008842142060321916
Candidatus_Actinomarina,1.2455853723257271e-05,3.3346004815163095e-06
Leisingera,1.2416173198706648e-05,0.0
Candidatus_Competibacter,1.2388157616257876e-05,8.277659393201229e-05
Unclassified PHOS_HE36,1.2340735531556555e-05,4.797129397768376e-06
Elizabethkingia,1.2262701865156423e-05,0.0
Unclassified Candidatus_Magasanikbacteria,1.220126061990974e-05,0.0
Unclassified Rhodocyclaceae,1.2153871526600666e-05,0.0
Saccharopolyspora,1.2097376254318459e-05,0.0
Unclassified Candidatus_Nomurabacteria_bacterium_GW2011_GWD1_44_10,1.2074496297778539e-05,0.0
Porticoccus,1.2047031611410948e-05,0.0
Unclassified Oscillatoriaceae,1.2047031611410948e-05,0.0
Sorangium,1.2005453191137325e-05,1.2335557529244761e-05
Unclassified DEV007,1.1996998569085262e-05,1.5564614160997257e-06
Litoricola,1.1996998569085262e-05,0.0
Delftia,1.1982388122568733e-05,5.557667469193849e-06
Unclassified Fibrobacterales,1.1940900503109942e-05,0.0
Lachnospiraceae_ND3007_group,1.1851236122051974e-05,0.0002827689341319184
Granulicella,1.1742233152436074e-05,2.029957958044319e-05
Kineosporia,1.168561861540292e-05,7.711170401443531e-06
Janthinobacterium,1.168561861540292e-05,0.0
Cronobacter,1.168561861540292e-05,0.00010237257575807304
Unclassified Spirosomaceae,1.168561861540292e-05,0.0
Unclassified Christensenellaceae,1.1598416429543487e-05,5.762778764554964e-05
Unclassified Elusimicrobiota,1.1598416429543487e-05,0.0
Stakelama,1.1598416429543487e-05,0.0
Unclassified LK_44f,1.1493180200870623e-05,0.0
Peptoanaerobacter,1.1491476553136271e-05,0.00019542015127040592
Emticicia,1.1482012590961424e-05,0.0
Unclassified Vermiphilaceae,1.145476272106748e-05,0.0
Simplicispira,1.1335905553357076e-05,0.0
Pseudorhodobacter,1.1335905553357076e-05,0.0
Calorithrix,1.1334563990935082e-05,0.0
Halapricum,1.1301092484096413e-05,0.0
Gemmata,1.1196618241483696e-05,2.6646124926723157e-05
Turneriella,1.119628778608211e-05,0.0
Thalassococcus,1.1186529353453023e-05,0.0
Unclassified Prolixibacteraceae,1.1136188103257423e-05,0.0
Buttiauxella,1.0786163605399657e-05,0.0
Candidatus_Chloroploca,1.0729946389729786e-05,0.0
Candidatus_Nitrososphaera,1.0712012406154339e-05,0.0
FCPS473,1.0679904187399443e-05,0.0
Unclassified Peptostreptococcaceae,1.0669025869637303e-05,0.00016895309106349302
Rheinheimera,1.0631881727081529e-05,2.9987884894502623e-05
bacterium_Ellin6515,1.0631881727081529e-05,0.0
Carnobacterium,1.0625276257182687e-05,0.0
PMMR1,1.0623289650366292e-05,0.0
GKS98_freshwater_group,1.05790991003051e-05,0.0
Aquibacter,1.0566237591503436e-05,0.0
Paenisporosarcina,1.0522881884635225e-05,0.0
Unclassified Fodinicurvataceae,1.0522881884635225e-05,1.1995153957801048e-05
Rhodovastum,1.0505488392831347e-05,0.0
Desulfosporosinus,1.0494638711333084e-05,0.0
Ac37b,1.0479101188069861e-05,0.0
Unclassified Candidatus_Woesebacteria,1.0471350385345694e-05,0.0
Unclassified A0839,1.0465022523832526e-05,0.0
Unclassified Halomicrobiaceae,1.0461436017670337e-05,0.0
Thalassobacillus,1.0420487512087765e-05,0.0
Unclassified Balneolaceae,1.0378125273142684e-05,0.0
Mesotoga,1.0254097759923162e-05,0.0
Pseudanabaena_PCC_7429,1.0226114956001678e-05,0.0
Jatrophihabitans,1.021532077281287e-05,3.502089478874592e-05
Kribbella,1.0174722531101035e-05,4.3683909885209496e-05
Glycomyces,1.0083875017372653e-05,7.53981105918923e-05
Unclassified Paracaedibacteraceae,9.978886912639215e-06,0.0
Spirochaeta_2,9.969915299133287e-06,0.0
Unclassified Solimonadaceae,9.913550086802069e-06,0.0
Anaeroplasma,9.857332871132196e-06,1.0269428732218484e-06
Loigolactobacillus,9.815726101978851e-06,0.0
Frondihabitans,9.815726101978851e-06,0.0
Unclassified Pleomorphomonadaceae,9.815726101978851e-06,0.0
Oxalicibacterium,9.806075059620936e-06,0.0
Holdemanella,9.763570249655159e-06,0.0
NS4_marine_group,9.665347024619572e-06,5.5048597225270274e-05
Mogibacterium,9.664656623053437e-06,7.560196435244945e-05
DEV008,9.595668646796626e-06,0.00011138357246529544
Actinospica,9.560960685329663e-06,1.7764083284482106e-05
Terriglobus,9.560960685329663e-06,0.0
Clade_Ia,9.538253042091396e-06,0.0
Sulfuricurvum,9.465299914122944e-06,0.0
Unclassified Sporomusaceae,9.439875384407466e-06,0.0
Lentimonas,9.43839431704157e-06,0.0
Terrimicrobium,9.418054311959e-06,0.0
Unclassified Parcubacteria_group_bacterium_GW2011_GWF2_45_11,9.41537055159803e-06,0.0
Azospira,9.37990313118221e-06,0.0
Fonticella,9.378438760878989e-06,9.39636070407785e-06
Belnapia,9.338813330845586e-06,0.0
Thermoanaerobaculum,9.306683704187402e-06,0.0
Unclassified Thermoplasmata,9.297855581826601e-06,0.0
Actinoplanes,9.295424506365091e-06,6.854373690172028e-06
Unclassified GIF9,9.277233216171982e-06,0.0
Paraprevotella,9.255551648667417e-06,0.0
Proteiniphilum,9.255412461482006e-06,0.0
Unclassified Lactobacillaceae,9.192854363657515e-06,0.0
Unclassified Flavobacteriales,9.189025243270845e-06,0.0
Unclassified Patescibacteria,9.153148032683542e-06,0.0
Planktothrix_NIVA_CYA_15,9.009791289398891e-06,0.0
Companilactobacillus,8.989307793171192e-06,9.687951095222872e-06
Unclassified SJA_15,8.925326278708668e-06,5.058499602324108e-05
FFCH7168,8.890798168670237e-06,6.168936321154825e-05
Unclassified Cellvibrionaceae,8.755103536158161e-06,0.0
Candidatus_Nitrosopelagicus,8.726957929157888e-06,0.0
Methyloferula,8.725089868425644e-06,0.0
Longispora,8.698812322157614e-06,0.00013794427051471206
Unclassified Ectothiorhodospiraceae,8.698812322157614e-06,0.0
Unclassified Bacillaceae,8.627914903736786e-06,8.450861040299228e-05
Rikenella,8.584546829250959e-06,7.782307080498628e-07
Winogradskyella,8.566458141786073e-06,0.0
Fastidiosipila,8.530735317329722e-06,0.0
Beijerinckia,8.498631720293032e-06,0.0
Antarctobacter,8.498631720293032e-06,0.0
Unclassified Candidatus_Pacebacteria,8.4821524567035e-06,3.947108742845865e-06
Candidatus_Babela,8.459128691259961e-06,2.336263007144292e-06
Murdochiella,8.359269966210134e-06,0.0
Rhodohalobacter,8.33758808094708e-06,0.00013284446569955896
Unclassified candidate_division_TM7_bacterium_JGI_0001002_L20,8.336390009670212e-06,0.0
Unclassified Candidatus_Komeilibacteria_bacterium_RIFOXYC1_FULL_37_11,8.334904320586109e-06,0.0
Unclassified Planctomycetota,8.290342478783133e-06,0.0
Unclassified Hydrogenispora,8.18779999337234e-06,0.00011404687722222356
Edaphobaculum,8.114846865403885e-06,0.0
DNF00809,8.100991380369967e-06,0.0
Olivibacter,8.094506860321317e-06,0.0
[Mycoplasma]_group,8.029183783436797e-06,3.0787448194197754e-05
LD29,7.996243693196654e-06,0.0
Yonghaparkia,7.98473081762966e-06,4.446133975355079e-06
Unclassified Bradymonadales,7.980480681878154e-06,3.2280296661969264e-05
Unclassified Polyangiales,7.967742538190115e-06,2.5703901338145106e-05
Rudaea,7.84486004769675e-06,0.0
Unclassified CCM19a,7.84486004769675e-06,0.0
Agrococcus,7.816714440696476e-06,0.0
Qipengyuania,7.744520321621324e-06,0.0
Oxobacter,7.744520321621324e-06,0.00018243669124758824
Unclassified Candidatus_Hepatincola,7.732277619695658e-06,0.0
JGI_0000079_D21,7.634453634872439e-06,0.0
A2,7.537278670183581e-06,0.0
Clostridium_sensu_stricto_8,7.454155539673843e-06,0.0
Rhodovibrio,7.437693380027881e-06,0.0
Unclassified OPB41,7.436302755256404e-06,0.0
Acidocella,7.436302755256404e-06,0.0
Pelagibacterium,7.383886489824849e-06,0.0
Brevibacillus,7.375462113772846e-06,6.137492478324059e-05
Unclassified WX65,7.355773260271706e-06,0.0
Unclassified Candidatus_Falkowbacteria_bacterium_GW2011_GWF2_43_32,7.271317493017896e-06,0.0
Longivirga,7.213758079409049e-06,0.0
Azoarcus,7.150975271740372e-06,0.0
Unclassified Chlorobi_bacterium_OLB5,7.121594097622812e-06,0.0
DSSF69,7.106446421329643e-06,0.0
Petrimonas,7.086993757277847e-06,0.00012680591326818253
Unclassified Thermomonosporaceae,7.084309996916879e-06,0.0
Unclassified FS118_23B_02,7.026123125781656e-06,0.0
Unclassified AKAU3564_sediment_group,6.987135032228021e-06,0.0
Psychrobacillus,6.9809002568971295e-06,0.0
Unclassified Nostocaceae,6.8642525417346556e-06,0.0
Lachnospiraceae_UCG_001,6.765742917233701e-06,0.0
Actinocorallia,6.765742917233701e-06,8.074583311128229e-07
Phocaeicola,6.736363502243671e-06,0.0003709001712517212
Halobacillus,6.633833612838856e-06,0.0
[Anaerorhabdus]_furcosa_group,6.543817401319234e-06,0.0
Gram_negative_bacterium_cTPY_13,6.543817401319234e-06,0.0
Unclassified Xanthomonadales,6.48760018564936e-06,1.8773261244010157e-05
Unclassified Candidatus_Lloydbacteria_bacterium_RIFOXYC12_FULL_46_25,6.433788673728122e-06,0.0
Unclassified Parcubacteria_group_bacterium_GW2011_GWF2_38_76,6.4236186711868354e-06,0.0
Unclassified Frankiales,6.375165754309612e-06,3.512866516213164e-05
Unclassified Candidatus_Nomurabacteria_bacterium_GW2011_GWC2_42_20,6.375165754309612e-06,0.0
Formosa,6.373973790219775e-06,0.0
Unclassified Paludibacteraceae,6.373973790219775e-06,7.89421748569173e-06
Endobacter,6.373973790219775e-06,0.0
Rhodopila,6.322535044801928e-06,0.0
Candidatus_Berkiella,6.313729130781136e-06,1.6144959633648997e-05
Sedimentibacter,6.311184239847088e-06,0.0
Candidatus_Piscichlamydia,6.2791934826158275e-06,0.0
Komagataeibacter,6.252292507252659e-06,0.0
Shuttleworthia,6.252292507252659e-06,2.1087261119804866e-05
Myroides,6.252292507252659e-06,0.0
Unclassified Micrococcales,6.252292507252659e-06,0.0
Coxiella,6.252292507252659e-06,0.0
Unclassified Verrucomicrobiota,6.2292687418091196e-06,0.0
Candidatus_Nitrosotenuis,6.206244976365581e-06,0.0
Unclassified S_BQ2_57_soil_group,6.206244976365581e-06,6.225845664398903e-06
Empedobacter,6.183221210922042e-06,0.0
Unclassified Candidatus_Buchananbacteria_bacterium_RIFCSPLOWO2_01_FULL_45_31,6.183221210922042e-06,0.0
Salegentibacter,6.183221210922042e-06,0.0
Unclassified Clostridiaceae,6.101264409759021e-06,0.0
Diplosphaera,6.101264409759021e-06,1.6279137514158566e-05
Unclassified JG36_GS_52,6.025750361012201e-06,1.3298568931583828e-05
Ktedonobacter,6.023515805705474e-06,0.0
Actinoallomurus,6.023515805705474e-06,0.0
Terrabacter,6.023515805705474e-06,0.0
bacterium_Ellin6537,6.023515805705474e-06,0.0
Polaromonas,6.023515805705474e-06,5.525952239984212e-06
Ellin517,6.006527526265928e-06,0.0
Pseudoglutamicibacter,5.899194563302291e-06,0.0
Unclassified KD3_93,5.883645035772562e-06,0.0
Microbispora,5.883645035772562e-06,2.5838666595610334e-05
Alsobacter,5.883645035772562e-06,0.0
Methylobacter,5.799208214771743e-06,0.0
Candidatus_Sulcia,5.58210154959139e-06,0.0
Clostridium_sensu_stricto_7,5.453181167766028e-06,0.0
Unclassified Chitinivibrionia,5.453181167766028e-06,0.0
Amphritea,5.453181167766028e-06,0.0
Unclassified p_2534_18B5_gut_group,5.453181167766028e-06,8.794737229242022e-06
Unclassified Holophagaceae,5.332982437633631e-06,0.0
Faucicola,5.312638128591343e-06,0.0
Sh765B_TzT_35,5.312638128591343e-06,0.0
Frigoribacterium,5.312638128591343e-06,0.0
Unclassified MSB_3C8,5.312638128591343e-06,0.0
Jahnella,5.311644825183146e-06,0.0
Succinivibrionaceae_UCG_001,5.307418720732741e-06,0.0
Unclassified Candidatus_Peregrinibacteria,5.279310112897804e-06,0.0
Thiobacillus,5.272883072567432e-06,0.0
Syntrophorhabdus,5.27168037957236e-06,0.0
Anoxybacillus,5.269592344336242e-06,0.00014284063570675626
Unclassified Izemoplasmatales,5.251201505062867e-06,0.0
Mizugakiibacter,5.235675192672847e-06,0.0
Unclassified Rubritaleaceae,5.233123712583804e-06,0.0
Dyella,5.216665856897559e-06,0.0
Unclassified Candidatus_Buchananbacteria,5.210243756043883e-06,0.0
Rhodomicrobium,5.210243756043883e-06,3.947108742845865e-06
Ammoniibacillus,5.210243756043883e-06,5.140780267629021e-06
bacterium_QTYC46b,5.210243756043883e-06,0.0
Unclassified Clostridium_sp._6_31,5.210243756043883e-06,0.0
Fournierella,5.210243756043883e-06,2.5703901338145106e-05
Unclassified Bacteroidales_UCG_001,5.210243756043883e-06,0.0
Cloacibacterium,5.210243756043883e-06,3.6829008701663836e-05
SH_PL14,5.210243756043883e-06,0.0
Unclassified Lutispora,5.175708107878574e-06,0.0
Sulfuritalea,5.152684342435035e-06,0.0
Arachidicoccus,5.152684342435035e-06,0.0
Paraclostridium,5.152684342435035e-06,0.0
ADurb.Bin118,5.152684342435035e-06,0.0
28_YEA_48,5.152684342435035e-06,0.0
[Eubacterium]_ventriosum_group,5.1487978890789935e-06,0.0
Unclassified Methylophilaceae,5.123094984992692e-06,0.0
Marinobacterium,5.086125050861251e-06,0.0
Sulfurovum,5.0668777693228185e-06,0.00015328896590041045
Geobacter,5.025920020303834e-06,0.0
Legionella,5.025920020303834e-06,0.0
Candidatus_Fonsibacter_ubiquis,5.025920020303834e-06,0.0
Unclassified Candidatus_Heimdallarchaeota_archaeon_AB_125,5.002896254860294e-06,0.0
Unclassified Stappiaceae,5.002896254860294e-06,0.0
Unclassified Chlamydiales,4.906544778032032e-06,4.026944542976066e-05
R76_B128,4.903037529810468e-06,0.0
Simonsiella,4.903037529810468e-06,0.0
Geobacillus,4.872009129866724e-06,0.0
Pontivivens,4.832673512309786e-06,1.2450993667113346e-05
Rickettsia,4.832673512309786e-06,0.0
Unclassified Erysipelatoclostridiaceae,4.832673512309786e-06,0.0
Motilimonas,4.832673512309786e-06,0.0
Risungbinella,4.832673512309786e-06,0.0
Mariniradius,4.832673512309786e-06,0.0
Paenarthrobacter,4.795653038045092e-06,0.0
Chujaibacter,4.7188936745856745e-06,3.416228108383253e-06
Unclassified Synergistaceae,4.362544934212822e-06,0.0
Candidatus_Thiobios,4.362544934212822e-06,0.00011115334938387698
Hymenobacter,4.362544934212822e-06,0.0
Unclassified Polyangiaceae,4.362544934212822e-06,0.0
Unclassified Geobacteraceae,4.362544934212822e-06,0.0
Unclassified 37_13,4.362544934212822e-06,1.0902683687335856e-05
Labrys,4.362544934212822e-06,0.0
Amphiplicatus,4.362544934212822e-06,0.0
Marinifilum,4.313957451868393e-06,0.0
Tropicibacter,4.302511289789624e-06,0.0
Bogoriella,4.302511289789624e-06,0.0
Intestinibacter,4.302511289789624e-06,0.0
Duganella,4.265369969523964e-06,0.0
Ellin516,4.2635923323555496e-06,0.0
Silanimonas,4.2635923323555496e-06,0.0
Hylemonella,4.2501105028730745e-06,0.0
Unclassified Rhizobiaceae,4.2501105028730745e-06,9.473060982830077e-06
Providencia,4.2501105028730745e-06,5.97519165023489e-05
Aciditerrimonas,4.2501105028730745e-06,0.0
Actinotalea,4.2501105028730745e-06,0.0
Unclassified WD260,4.2501105028730745e-06,0.0
Halanaerobium,4.2501105028730745e-06,4.5750518021290374e-05
Amylolactobacillus,4.249315860146516e-06,0.0
Unclassified Chromatiaceae,4.242346204080424e-06,5.475534529502963e-06
Unclassified Streptosporangiaceae,4.242346204080424e-06,0.0
Unclassified SAR116_clade,4.238437542384375e-06,0.0
UC5_1_2E3,4.209152753854091e-06,0.0
Unclassified Clostridiales,4.186128988410551e-06,0.0
Unclassified Microtrichaceae,4.168195004835106e-06,3.1167805310841756e-05
Halorientalis,4.168195004835106e-06,0.0
Parvibacter,4.168195004835106e-06,0.0
Alloactinosynnema,4.168195004835106e-06,0.0
Unclassified Cyanobacteriales_Incertae_Sedis,4.168195004835106e-06,0.0
Haliscomenobacter,4.168195004835106e-06,0.0
Unclassified Nitriliruptoraceae,4.168195004835106e-06,0.0
Unclassified p_251_o5,4.168195004835106e-06,0.0
bacterium_Ellin6517,4.168195004835106e-06,0.0
Psychroflexus,4.168195004835106e-06,0.0
Unclassified GZKB75,4.1451712393915665e-06,0.0
Unclassified W27,4.142487479030599e-06,1.1296371605440333e-05
Unclassified Candidatus_Falkowbacteria_bacterium_RIFOXYC2_FULL_34_220,4.142487479030599e-06,0.0
Unclassified DTU014,4.142487479030599e-06,0.0
Zoogloea,4.122147473948028e-06,0.0
Unclassified SZB30,4.122147473948028e-06,0.0
Defluviitoga,4.122147473948028e-06,1.8360920616559714e-05
Unclassified Fibrobacteraceae,4.122147473948028e-06,0.0
Unclassified LD1_PB3,4.086270263360725e-06,0.0
Unclassified Coleofasciculaceae,4.072218111423115e-06,0.0
Methylotenera,4.045312514341741e-06,0.0
Spirosoma,4.045312514341741e-06,0.0002410178163406284
Unclassified Calditrichaceae,4.045312514341741e-06,0.0
Nitrolancea,4.045312514341741e-06,0.0
KD3_10,4.022288748898201e-06,0.0
Unclassified Geodermatophilaceae,4.0171669073414675e-06,0.0
Unclassified Bdellovibrionota,3.983871269095057e-06,0.0
Stigmatella,3.922430023848375e-06,0.0
Nostoc_PCC_7107,3.922430023848375e-06,0.0
Unclassified C86,3.922430023848375e-06,0.0
OLB13,3.922430023848375e-06,5.058355709601689e-05
Ralstonia,3.866138809847829e-06,0.0
Collimonas,3.866138809847829e-06,0.0
Unclassified Run_SP154,3.866138809847829e-06,0.0
Aneurinibacillus,3.560797048811406e-06,0.0
Thermaerobacter,3.560797048811406e-06,0.0
Tepidimicrobium,3.475773541359453e-06,0.00014822583104997012
Anaerovibrio,3.4420090318316996e-06,0.0
Intrasporangium,3.3907500339075e-06,0.0
Lachnospiraceae_XPB1014_group,3.271908700659617e-06,0.0
Unclassified GOUTB8,3.271908700659617e-06,0.0
Methylopila,3.271908700659617e-06,0.0
Pseudofulvimonas,3.271908700659617e-06,0.0
Candidatus_Amoebophilus,3.271908700659617e-06,7.650383590233214e-07
Unclassified [Clostridium]_methylpentosum_group,3.271908700659617e-06,0.0
Lachnospiraceae_FCS020_group,3.271908700659617e-06,0.0
Cytophaga,3.271908700659617e-06,0.0
Unclassified Candidatus_Peregrinibacteria_bacterium_GW2011_GWF2_39_17,3.271908700659617e-06,0.0
Pir4_lineage,3.271908700659617e-06,0.0
bacterium_LWQ8,3.271908700659617e-06,0.0
Unclassified Rubinisphaeraceae,3.271908700659617e-06,0.0
Unclassified Clade_III,3.2156914849897428e-06,0.0
Gloeobacter_PCC_7421,3.2118093355934177e-06,0.0
GCA_900066575,3.187582877154806e-06,0.0
Thauera,3.187582877154806e-06,3.157150742514352e-05
Clostridium_sensu_stricto_18,3.187582877154806e-06,0.0
Unclassified Sh765B_TzT_20,3.187582877154806e-06,0.0
Conservatibacter,3.187582877154806e-06,0.0
Unclassified Chloroflexaceae,3.187582877154806e-06,0.0
Photorhabdus,3.187582877154806e-06,0.0
Geothrix,3.187582877154806e-06,0.0
Caldithrix,3.187582877154806e-06,0.0
Izimaplasma,3.1517099705272193e-06,0.0
Unclassified Symbiobacteriales,3.1261462536263296e-06,0.0
Crocinitomix,3.1261462536263296e-06,3.6842258584674646e-05
Lacibacter,3.1261462536263296e-06,0.0
Desulfovirga,3.1261462536263296e-06,0.0
Holophaga,3.1261462536263296e-06,0.0
Unclassified Parcubacteria_bacterium_RAAC4_OD1_1,3.1261462536263296e-06,0.0
Unclassified Aenigmarchaeota,3.1261462536263296e-06,0.0
Chroococcidiopsis_PCC_6712,3.1261462536263296e-06,0.0
[Eubacterium]_xylanophilum_group,3.1261462536263296e-06,0.0
Cerasicoccus,3.1261462536263296e-06,0.0
Unclassified Babeliaceae,3.1261462536263296e-06,0.0
Desulfatiglans,3.1261462536263296e-06,2.227671449305909e-05
Unclassified Chloroflexi_bacterium_RBG_13_46_9,3.1261462536263296e-06,0.0
Fenollaria,3.1261462536263296e-06,5.0551005965018706e-05
Unclassified Defluviicoccales,3.1261462536263296e-06,1.2919333297805167e-05
Unclassified Candidatus_Nomurabacteria_bacterium_RIFCSPLOWO2_01_FULL_36_10b,3.1261462536263296e-06,0.0
Unclassified Corynebacteriales,3.1261462536263296e-06,0.0
Yaniella,3.1261462536263296e-06,0.0
Unclassified Verrucomicrobiae,3.091610605461021e-06,0.0
Alcaligenes,3.091610605461021e-06,0.0
Arcanobacterium,3.091610605461021e-06,0.0
Unclassified Candidatus_Lloydbacteria_bacterium_RIFCSPHIGHO2_02_FULL_50_18,3.091610605461021e-06,0.0
Unclassified Candidatus_Yanofskybacteria_bacterium_GW2011_GWF1_44_227,3.091610605461021e-06,0.0
Verrucomicrobium,3.091610605461021e-06,0.0
Alicyclobacillus,3.091610605461021e-06,0.0
Unclassified Intrasporangiaceae,3.091610605461021e-06,0.0
Candidatus_Schmidhempelia,3.091610605461021e-06,0.0
Afifella,3.091610605461021e-06,0.0
Unclassified Nitrosomonadaceae,3.091610605461021e-06,0.0
Halocella,3.0152545136393886e-06,0.0003212987667268138
Unclassified Methanomethylophilaceae,2.991751880411194e-06,0.0
Aequorivita,2.941822517886281e-06,0.0
Acetobacteraceae_bacterium_WX59,2.941822517886281e-06,0.0
Luedemannella,2.941822517886281e-06,0.0
Coprobacter,2.941822517886281e-06,0.0
Knoellia,2.941822517886281e-06,1.897778081422271e-06
Unclassified Candidatus_Moranbacteria,2.941822517886281e-06,0.0
Thalassobius,2.941822517886281e-06,0.0
Telmatospirillum,2.941822517886281e-06,0.0
Candidatus_Accumulibacter,2.941822517886281e-06,0.0
Syntrophomonas,2.941822517886281e-06,0.0
Synergistes,2.941822517886281e-06,7.737003767920835e-06
Unclassified Family_XI,2.941822517886281e-06,0.00010593117501351189
Filimonas,2.941822517886281e-06,0.0
Methyloparacoccus,2.941822517886281e-06,1.9643311623203704e-05
Xenophilus,2.941822517886281e-06,0.0
Alicycliphilus,2.941822517886281e-06,0.0
Thermobacillus,2.941822517886281e-06,6.225845664398903e-06
Unclassified MSBL9,2.941822517886281e-06,0.0
Peptoclostridium,2.941822517886281e-06,0.0
Unclassified Candidatus_Yanofskybacteria,2.941822517886281e-06,0.0
Alphaproteobacteria_bacterium,2.941822517886281e-06,0.0
Candidatus_Nitrosotalea,2.8996041073858717e-06,0.0
Pseudarcobacter,2.8996041073858717e-06,0.0
Unclassified Deep_Sea_Euryarchaeotic_Group_DSEG,2.8996041073858717e-06,0.0
Lachnospiraceae_UCG_008,2.8996041073858717e-06,0.0
Tepidiphilus,2.6535334451355424e-06,0.0
Unclassified Candidatus_Uhrbacteria,2.6535334451355424e-06,0.0
Schleiferilactobacillus,2.5815067738737747e-06,0.0
Cylindrospermopsis_CRJ1,2.5430625254306254e-06,0.0
Lacunisphaera,2.181272467106411e-06,0.0
Microcoleus_SAG_1449_1a,2.181272467106411e-06,0.0
DEV114,2.181272467106411e-06,0.0
Roseobacter_clade_CHAB_I_5_lineage,2.181272467106411e-06,0.0
Pseudoflavitalea,2.181272467106411e-06,2.1801374940046218e-05
Xylophilus,2.181272467106411e-06,0.0
Unclassified JGI_0000069_P22,2.181272467106411e-06,0.0
Thioclava,2.181272467106411e-06,0.0
Anaerovorax,2.181272467106411e-06,1.4270808917766664e-05
Clostridium_sensu_stricto_10,2.181272467106411e-06,3.3314369769003285e-05
Unclassified Desulfobulbales,2.181272467106411e-06,0.0
Arsenophonus,2.181272467106411e-06,0.0
Schlesneria,2.181272467106411e-06,0.0
Unclassified AB1,2.181272467106411e-06,0.0
CI75cm.2.12,2.181272467106411e-06,0.0
Unclassified Rhodospirillaceae_bacterium,2.181272467106411e-06,0.0
Paenalcaligenes,2.181272467106411e-06,0.0
Thermostaphylospora,2.181272467106411e-06,0.0
Symbiobacterium,2.181272467106411e-06,1.7253546035048852e-06
Unclassified Phycisphaerae,2.181272467106411e-06,0.0
Unclassified Azospirillaceae,2.181272467106411e-06,0.0
Unclassified Candidatus_Lloydbacteria,2.181272467106411e-06,0.0
Veillonellaceae_UCG_001,2.181272467106411e-06,0.0
Microcystis_PCC_7914,2.181272467106411e-06,0.0
Caldisericum,2.181272467106411e-06,0.0
Unclassified Marinifilaceae,2.1250552514365373e-06,0.0
CHKCI001,2.1250552514365373e-06,0.0
Xenococcus_CRM,2.1250552514365373e-06,0.0
Unclassified Parcubacteria_group_bacterium_CG1_02_50_68,2.1250552514365373e-06,0.0
Ilyobacter,2.1250552514365373e-06,0.0
Leptothrix,2.1250552514365373e-06,0.0
Unclassified Vampirovibrionales,2.1250552514365373e-06,0.0
Desulfomicrobium,2.1250552514365373e-06,7.334844277434412e-05
Saccharomonospora,2.1250552514365373e-06,0.0
RBG_16_58_14,2.1250552514365373e-06,0.0
Unclassified Syntrophales,2.1250552514365373e-06,0.0
Thermodesulfovibrio,2.1250552514365373e-06,0.0
Unclassified Hydrogenedensaceae,2.1250552514365373e-06,0.0
Parafrigoribacterium,2.1250552514365373e-06,0.0
Unclassified Acidobacteriaceae__Subgroup_1,2.1250552514365373e-06,2.179045982539616e-05
Sediminispirochaeta,2.1250552514365373e-06,5.2623315406899004e-05
M2PT2_76_termite_group,2.1250552514365373e-06,0.0
Hypnocyclicus,2.1250552514365373e-06,0.0
Unclassified 661239,2.1250552514365373e-06,0.0
Tissierella,2.1250552514365373e-06,0.0
Ornithobacterium,2.1250552514365373e-06,0.0
Abditibacterium,2.084097502417553e-06,0.0
Desulfitibacter,2.084097502417553e-06,0.0
Desulfatirhabdium,2.084097502417553e-06,0.0
Unclassified Candidatus_Uhrbacteria_bacterium_RIFOXYB12_FULL_58_10,2.084097502417553e-06,0.0
Desulfobacter,2.084097502417553e-06,0.0
Rathayibacter,2.084097502417553e-06,0.0
Oligella,2.084097502417553e-06,0.0
Unclassified Arenicellaceae,2.084097502417553e-06,7.822192185004231e-06
Salinimicrobium,2.084097502417553e-06,0.0
Solimonas,2.084097502417553e-06,0.0
U29_B03,2.084097502417553e-06,0.0
Unclassified AEGEAN_169_marine_group,2.084097502417553e-06,0.0
Unclassified Desulfuromonadia,2.084097502417553e-06,0.0
Uliginosibacterium,2.084097502417553e-06,7.7515999786831e-05
Methanocorpusculum,2.084097502417553e-06,0.0
Unclassified Lentimicrobiaceae,2.084097502417553e-06,0.0002194489852914311
Unclassified Marine_Benthic_Group_D_and_DHVEG_1,2.084097502417553e-06,0.0
Halobacterium,2.084097502417553e-06,0.0
Candidatus_Megaira,2.084097502417553e-06,0.0
Tatumella,2.084097502417553e-06,0.0
Moheibacter,2.084097502417553e-06,0.0
Melittangium,2.084097502417553e-06,0.0
Dyadobacter,2.084097502417553e-06,0.00023745078334892958
Unclassified Silvanigrellaceae,2.0712437395152994e-06,0.0
Taibaiella,2.061073736974014e-06,1.713593422543007e-06
Acetobacterium,2.061073736974014e-06,0.0
MIZ17,2.061073736974014e-06,0.0
Chlorobium,2.061073736974014e-06,0.0
Stigonema_SAG_48.90,2.061073736974014e-06,0.0
Acidicapsa,2.061073736974014e-06,0.0
Magnetospirillum,2.061073736974014e-06,0.0
Mailhella,2.061073736974014e-06,0.0
Unclassified Caulobacteraceae,2.061073736974014e-06,4.017776514000896e-05
Luteibacter,2.061073736974014e-06,0.0
Unclassified Bacteroidales_BS11_gut_group,2.061073736974014e-06,0.0
Deferrisoma,2.061073736974014e-06,0.0
Unclassified Deinococcaceae,2.061073736974014e-06,0.0
Unclassified Dehalococcoidales,2.061073736974014e-06,0.0
Unclassified SCGC_AAA011_D5,2.061073736974014e-06,0.0
Fibrobacter,2.061073736974014e-06,0.0
Kluyvera,2.061073736974014e-06,0.00023532448209636158
Unclassified Acholeplasmataceae,2.061073736974014e-06,0.0
Unclassified 27F_1492R,2.061073736974014e-06,0.0
Salinispora,2.061073736974014e-06,0.0
Hoeflea,2.061073736974014e-06,0.0
Thermovirga,2.061073736974014e-06,1.3005652103396463e-05
Unclassified B122,2.061073736974014e-06,0.0
Unclassified Chroococcidiopsaceae,2.061073736974014e-06,0.0
Nitrosarchaeum,2.061073736974014e-06,9.473060982830077e-06
Unclassified Campylobacterales,2.061073736974014e-06,0.0
[Ruminococcus]_gnavus_group,2.061073736974014e-06,0.00021448122981659737
Unclassified Candidatus_Kuenenbacteria,2.061073736974014e-06,0.0
Enhygromyxa,2.061073736974014e-06,0.0
Unclassified Z4MB62,2.061073736974014e-06,0.0
Zavarzinella,2.0111443744491006e-06,0.0
Neochlamydia,1.9612150119241874e-06,9.594258795536752e-06
Cruoricaptor,1.9612150119241874e-06,0.0
Unclassified Fimbriimonadaceae,1.9612150119241874e-06,0.0
Segetibacter,1.9612150119241874e-06,0.0
Ezakiella,1.9612150119241874e-06,0.0
Unclassified Alcaligenaceae,1.9612150119241874e-06,0.0
Neptuniibacter,1.9612150119241874e-06,0.0
Pectobacterium,1.9612150119241874e-06,0.0
Aurantisolimonas,1.9612150119241874e-06,1.026248273139925e-05
Imperialibacter,1.9612150119241874e-06,0.0
Unclassified MVP_88,1.9612150119241874e-06,4.669122625167504e-06
Synechococcus_PCC_7502,1.9612150119241874e-06,0.0
GWE2_31_10,1.9612150119241874e-06,0.0
Oligoflexus,1.9612150119241874e-06,0.00010912223968178057
Unclassified Candidatus_Abawacabacteria_bacterium_RBG_16_42_10,1.9612150119241874e-06,0.0
Unclassified Bradymonadaceae,1.9612150119241874e-06,0.0
Desulfobacca,1.9612150119241874e-06,0.0
Unclassified Candidatus_Dadabacteria_bacterium_CSP1_2,1.9612150119241874e-06,0.0
Desertibacter,1.9612150119241874e-06,0.0
Unclassified Thermoanaerobaculaceae,1.9612150119241874e-06,0.0
AqS1,1.9612150119241874e-06,0.0
Unclassified T34,1.9612150119241874e-06,0.0
Unclassified Ardenticatenaceae,1.9612150119241874e-06,5.5259522399842115e-05
Sulfurospirillum,1.9612150119241874e-06,0.0
Syntrophus,1.9612150119241874e-06,0.0
Candidatus_Caldatribacterium,1.9612150119241874e-06,0.0
Unclassified Paludibaculum_fermentans,1.9612150119241874e-06,3.229317031740957e-06
Sporocytophaga,1.9612150119241874e-06,0.0
Candidatus_Nitrotoga,1.9612150119241874e-06,0.0
Magnetococcus,1.9612150119241874e-06,0.0
Unclassified Kiloniellaceae,1.9612150119241874e-06,0.0
Unclassified Desulfuromonadaceae,1.9330694049239145e-06,0.0
Unclassified UCG_011,1.9330694049239145e-06,0.0
Chroococcidiopsis_SAG_2023,1.9330694049239145e-06,0.0
Erythrobacter,1.780398524405703e-06,9.284404521505002e-06
Candidatus_Nucleicultrix,1.780398524405703e-06,4.693315311002539e-06
Thermoflavifilum,1.7452250642242824e-06,0.0
Erysipelothrix,1.7210045159158498e-06,0.0
Anaerofilum,1.7210045159158498e-06,0.0
Actinophytocola,0.0,8.604411403504655e-06
Oxalobacter,0.0,4.1049930925597e-05
Tetragenococcus,0.0,3.1288768740016928e-06
Gluconobacter,0.0,3.2828632749344136e-06
Tellurimicrobium,0.0,1.2792345060715666e-05
Unclassified Marinilabiliaceae,0.0,8.567967112715033e-06
Gulbenkiania,0.0,2.2951150770699643e-06
H1,0.0,2.334561312583752e-06
Quadrisphaera,0.0,2.477222367438706e-05
Pyramidobacter,0.0,2.730273566014014e-05
Pseudoscardovia,0.0,3.6057783547023146e-05
Aestuariimicrobium,0.0,1.2450993667113346e-05
Aeriscardovia,0.0,6.168936321154825e-05
Zhizhongheella,0.0,2.3682652457075193e-06
Dethiobacter,0.0,1.713593422543007e-06
Unclassified mle1_8,0.0,6.225496833556673e-06
Unclassified Puniceispirillales,0.0,6.0832566500276745e-05
Unclassified Puniceicoccaceae,0.0,2.588031905257328e-06
Brooklawnia,0.0,8.566297692862405e-06
Unclassified Pasteurellaceae,0.0,3.947108742845865e-06
Unclassified Parvularculaceae,0.0,0.0002951044916611631
Propionibacterium,0.0,9.338245250335009e-06
Maribacter,0.0,4.2839835563575166e-06
Lysinimonas,0.0,3.112748416778336e-05
Hamadaea,0.0,3.1313338343467463e-05
Haloplasma,0.0,0.0001002452152187659
Sphaerochaeta,0.0,1.6346623150661588e-05
Tsukamurella,0.0,1.3726791628917992e-05
Galbibacter,0.0,3.427186845086014e-06
Georgenia,0.0,3.427186845086013e-05
Cloacibacillus,0.0,3.3105791575625735e-05
Slackia,0.0,9.227528735144728e-05
Halohasta,0.0,1.5173931186222072e-06
Halodesulfurarchaeum,0.0,3.094801507168334e-06
Caldalkalibacillus,0.0,4.455342898611818e-05
C1_B045,0.0,2.2760896779333107e-06
Hahella,0.0,1.0393780361831481e-05
GOUTA6,0.0,8.794737229242022e-06
Methylosinus,0.0,3.157686994276692e-06
Chondromyces,0.0,1.713593422543007e-06
Streptobacillus,0.0,1.622708351482045e-05
Candidatus_Bealeia,0.0,1.9643311623203704e-05
Cellulosilyticum,0.0,4.96942092537472e-05
Unclassified Hyphomicrobiaceae,0.0,1.0116432354529595e-05
Cereibacter,0.0,1.089522991269808e-05
Candidatus_Tammella,0.0,8.898106144082417e-06
Catenibacterium,0.0,2.562643828384868e-06
Thermicanus,0.0,1.2813219141924341e-05
Papillibacter,0.0,0.00012300690376247368
Paludibacter,0.0,2.0563121070516083e-05
Sulfurirhabdus,0.0,3.0347862372444144e-06
Thermobifida,0.0,0.0001673816052957256
Sva0081_sediment_group,0.0,0.00012782635179145853
Unclassified Negativicutes,0.0,6.189603014336668e-06
Unclassified Marine_Benthic_Group_A,0.0,0.00016131113692089303
Syner_01,0.0,1.1605505651881252e-05
Gluconacetobacter,0.0,1.5339255900769545e-05
Unclassified Opitutaceae,0.0,1.1995153957801048e-05
Unclassified Nocardiopsaceae,0.0,5.4834989521376226e-05
Thiopseudomonas,0.0,0.00022919549966203564
Unclassified MBMPE27,0.0,2.3133511204330593e-05
Tibeticola,0.0,2.48471046268736e-05
Candidatus_Ovatusbacter,0.0,8.882041642241053e-06
Piscinibacter,0.0,0.0003046754166315631
Scardovia,0.0,1.7150514236939066e-05
Cohnella,0.0,2.9068499920061623e-05
Colwellia,0.0,4.026944542976066e-05
Unclassified Flavobacteriaceae,0.0,3.6842258584674646e-05
Planifilum,0.0,0.00013708747380344053
Methanosaeta,0.0,1.9500059165396327e-05
IMCC26134,0.0,3.947108742845865e-06
Silicimonas,0.0,0.0001144879498653933
Silvanigrella,0.0,8.482287441587885e-05
Fluviimonas,0.0,7.368451716934929e-05
Pelagibaca,0.0,2.421987773805718e-05
UBA1819,0.0,4.6025124873430905e-05
Unclassified Rs_M59_termite_group,0.0,2.076235171129087e-05
Unclassified Gammaproteobacteria_Incertae_Sedis,0.0,0.00015562456713241805
Unclassified Rhodospirillaceae_bacterium_L34,0.0,3.05444581635229e-05
Bauldia,0.0,6.697686607958207e-05
Salinarchaeum,0.0,3.1313338343467463e-05
Rufibacter,0.0,2.4223749933384686e-06
Rubrivivax,0.0,5.1493229553596756e-05
Rubrivirga,0.0,2.2760896779333107e-06
Corallococcus,0.0,8.683639234260905e-06
Aurantimonas,0.0,0.00012984062063816664
Ancylobacter,0.0,1.2335557529244761e-05
Anseongella,0.0,3.157686994276692e-05
Asteroleplasma,0.0,6.425975334536276e-05
Arboricoccus,0.0,1.4209591474245115e-05
Unclassified Sedimenticolaceae,0.0,4.798061583120419e-05
Ornithinibacter,0.0,0.00013273650203397887
Natranaerovirga,0.0,6.70190414823643e-05
Unclassified ANME_2c,0.0,1.530076718046643e-05
Unclassified Erysipelotrichales,0.0,1.3726791628917992e-05
Oryzihumus,0.0,3.0844681605774126e-05
Fictibacillus,0.0,3.341507173958863e-05
Ornithinimicrobium,0.0,3.255827502831713e-05
Flexilinea,0.0,1.1491140933217491e-05
Howardella,0.0,2.4166316460465816e-05
Parahaliea,0.0,9.642811569797357e-05
Unclassified SB_5,0.0,2.588031905257328e-06
Unclassified S15_21,0.0,1.2139144948977658e-05
Bacteroidia_bacterium_feline_oral_taxon_141,0.0,5.9262272079585915e-05
Planctomicrobium,0.0,3.947108742845865e-06
Unclassified Clostridiales_bacterium_canine_oral_taxon_260,0.0,9.115317970295122e-05
Unclassified B2M28,0.0,0.00018429479935463665
Euzebya,0.0,9.473060982830077e-06
Erysipelotrichaceae_UCG_006,0.0,5.66423290898712e-06
Unclassified Clostridiales_bacterium_canine_oral_taxon_162,0.0,9.053639345596693e-05
Epibacterium,0.0,0.00026094448619556226
Unclassified Staphylococcaceae,0.0,3.427186845086014e-06
Anaerolinea,0.0,1.6561205138196926e-05
Falsochrobactrum,0.0,0.00020842836470863594
Unclassified Chlamydiaceae,0.0,0.00013752855212332125
Longilinea,0.0,5.991358107242735e-05
Kibdelosporangium,0.0,3.6313400434181964e-05
Limnochorda,0.0,0.0012046922645448817
Unclassified Thiotrichaceae,0.0,1.4534249960030811e-05
Unclassified UBA12409,0.0,0.00011909474286673897
Roseateles,0.0,1.897778081422271e-06
Salinirepens,0.0,7.780734456871389e-06
Aquisphaera,0.0,0.0001367186197421687
Pelosinus,0.0,3.825191795116608e-06
Pelospora,0.0,1.4007367875502515e-05
Aliihoeflea,0.0,4.270285135479066e-06
Allokutzneria,0.0,1.6577856719952634e-05
Aliterella,0.0,8.07458331112823e-06
Microbulbifer,0.0,6.254615992281975e-05
Unclassified Bacteriovoracaceae,0.0,3.956545822452832e-05
Eggerthia,0.0,4.599753275800869e-05
Egibacter,0.0,5.140780267629021e-05
Alphaproteobacteria_bacterium_canine_oral_taxon_081,0.0,0.00010495154496317534
RS62_marine_group,0.0,1.8676490500670017e-05
Lactonifactor,0.0,0.0001878491604587521
Micrococcus,0.0,2.4223749933384686e-06
Nissabacter,0.0,0.00027043337660267357
Nibribacter,0.0,4.1987833217866796e-05
Unclassified bacterium_YC_LK_LKJ27,0.0,0.00019020886990227376
Ureibacillus,0.0,5.740537965519073e-05
Vagococcus,0.0,6.679955978137067e-05
Vampirovibrio,0.0,2.6459844073695337e-05
ASF356,0.0,3.416228108383253e-06
W5053,0.0,4.534545315662973e-05
