phylum,Healthy,Periodontitis
Proteobacteria,0.4333175265068798,0.33390727429840417
Firmicutes,0.21531967471022703,0.2978678579332806
Actinobacteriota,0.10800636224785741,0.11212198144885914
Bacteroidota,0.07634525307250196,0.10032727553326676
Unclassified Bacteria,0.06625510098380571,0.013369982920084185
Fusobacteriota,0.03453176312798676,0.05482636257015874
Patescibacteria,0.012101716650006087,0.010616003692784794
Acidobacteriota,0.011256779142646752,0.00850970528114492
Chloroflexi,0.00868117495533755,0.006036443056232668
Campylobacterota,0.007231464415934791,0.012878887688590945
Spirochaetota,0.004845828504535508,0.02900372227655519
Planctomycetota,0.003583063209974912,0.0015603080326274923
Cyanobacteria,0.003032898538528144,0.0012047965216533836
Verrucomicrobiota,0.0026559076337932604,0.0016229542777596853
Gemmatimonadota,0.0024606294486644057,0.002100577560321782
Unclassified Archaea,0.0015069653125700474,5.8084343959169965e-05
Myxococcota,0.0013564943216897172,0.001650072884537171
Crenarchaeota,0.0011421658060505216,0.0006487592606028323
Desulfobacterota,0.0008282595299993281,0.0013273190961049718
Cloacimonadota,0.0008204453099945519,1.1296371605440333e-05
Methylomirabilota,0.0007807344546533121,0.0005456193015731965
Nitrospirota,0.000744878358465287,0.001113251853374941
Halobacterota,0.0006973406247072397,0.0005257595340820798
Synergistota,0.0006522636788823978,0.006392559201890611
Bdellovibrionota,0.0003961649168062804,0.0006793070233166577
Armatimonadota,0.0002588866770158364,0.00011577857780521366
Nanoarchaeota,0.00021881012153571097,2.908950381862947e-05
Euryarchaeota,0.00013194384104409278,0.0
Deferribacterota,9.51711952993985e-05,2.2230669876775397e-06
Elusimicrobiota,9.125518880734364e-05,3.629006688300615e-05
Hydrothermarchaeota,8.312198441172831e-05,1.578843497138346e-06
Sumerlaeota,8.056296815229751e-05,6.819737867629981e-05
Thermoplasmatota,7.434607937410586e-05,2.667192577138354e-05
Deinococcota,6.827311241706036e-05,7.28277204580778e-05
Fibrobacterota,6.303091703852349e-05,5.978000956480153e-05
Dadabacteria,4.395694391883745e-05,0.0
Micrarchaeota,3.965003424210854e-05,0.0
Dependentiae,3.868376660983899e-05,0.00012946848343450352
Latescibacterota,3.769485339601633e-05,0.00011915695005301703
Thermotogota,2.790773106833859e-05,1.8360920616559714e-05
Entotheonellaeota,2.634464002865534e-05,4.7365304914150384e-05
Iainarchaeota,2.2230298156625016e-05,0.0
Calditrichota,1.8567459382431628e-05,0.0
Halanaerobiaeota,7.2653650165124635e-06,0.00036704928474810415
Aenigmarchaeota,6.025750361012201e-06,0.0
Asgardarchaeota,5.002896254860294e-06,0.0
Caldisericota,2.181272467106411e-06,0.0
Hydrogenedentes,2.1250552514365373e-06,0.0
Abditibacteriota,2.084097502417553e-06,0.0
Deferrisomatota,2.061073736974014e-06,0.0
Caldatribacteriota,1.9612150119241874e-06,0.0
