,genus_shannon,genus_simpson,genus_observed,genus_pielou,asv_shannon,asv_simpson,asv_observed,asv_pielou,group,flagged_atypical
H1,3.4382296139904804,0.9270011502265121,362,0.5835772647454218,4.827879992393571,0.9800809049103467,833,0.7178967792996797,Healthy,False
H2,2.7843944666983718,0.8847688908452117,204,0.5235674392306566,3.7867037917739785,0.9429659756150751,430,0.6244785495285607,Healthy,False
H3,2.8080365745837144,0.900509275517873,148,0.5619206110827429,3.888228590880304,0.9502349113254963,351,0.6634312262256412,Healthy,False
H4,2.734959647932048,0.8917620832528819,132,0.5601209492609046,3.291402995449046,0.9092206125085154,260,0.5919063909522813,Healthy,False
H5,1.9929719316197039,0.7355064269285513,111,0.4231785011303999,2.5273892579585824,0.771205278791395,212,0.47182834894474585,Healthy,False
H6,3.91807506407531,0.9170479169152517,682,0.6004685449001075,5.180664409394612,0.9762092402413244,1993,0.681899981393824,Healthy,False
H7,5.519555945950819,0.9895610139219472,647,0.8527905793051276,7.164820497613899,0.9978786747774936,2307,0.9252447128641167,Healthy,True
H8,3.556650984559536,0.8860218042944004,608,0.5548446103343468,4.696031228505927,0.9418522106235915,1681,0.6322795335803896,Healthy,False
H9,2.339029189860389,0.8155718627892806,155,0.463777915927336,3.5296881363903494,0.9259042295062698,305,0.617044712636927,Healthy,False
H10,2.7286819252788526,0.8478011986081488,141,0.5513870112357251,4.132486354797312,0.9660574074580793,293,0.7275283057837256,Healthy,False
H11,3.6911183408895836,0.9083418646364768,699,0.5635595677015747,4.642660723095354,0.94063172336873,1940,0.613261412643658,Healthy,False
H12,2.270756246474014,0.7940226175577125,126,0.4695252034853717,3.3277570345970053,0.9185787274365562,243,0.6058109979147192,Healthy,False
H13,3.8978112221032855,0.9301990540170322,696,0.5955084792069207,5.221345385777122,0.9798710101145816,1966,0.6884906606624849,Healthy,False
H14,3.4838930417509055,0.8985221799825728,613,0.5428007096082531,4.79013945061898,0.9690177096059165,1749,0.6415251228649135,Healthy,False
H15,2.960730977862174,0.9138461293600665,98,0.6457474325904377,4.38700680777524,0.9641090837598094,315,0.762616499297405,Healthy,False
H16,2.8011984350118313,0.8999037622061214,102,0.6056680867325257,4.019125927318994,0.9612719203840647,258,0.7237808714171878,Healthy,False
P1,3.1202674527760257,0.9077799950678282,154,0.6194752460606522,4.262889308500394,0.9599837728634508,365,0.7225361820764413,Periodontitis,False
P2,3.404621082337723,0.9477992314987956,130,0.6994549534249447,4.927728611763825,0.9874824609636432,362,0.8363927682314616,Periodontitis,False
P3,2.7318892392608927,0.8785571846775606,127,0.5639520502619724,3.616543888270726,0.9187429812669787,334,0.6223466084615142,Periodontitis,False
P4,3.4594300124370974,0.9488614715466855,165,0.6775297601825618,4.7812693173824705,0.9797519994004384,391,0.801056052643027,Periodontitis,False
P5,4.027207076359426,0.9605170361870485,291,0.7098497453269997,5.1867471003801295,0.9833065265160548,693,0.7929557120243296,Periodontitis,False
P6,2.7461059675691293,0.8655081930792574,139,0.5565144339159279,3.6389483785259067,0.9147433846919115,344,0.6230391439837764,Periodontitis,False
P7,3.8406931796837265,0.9590487438071378,219,0.7126817701152593,4.810258115082858,0.9836053201365875,408,0.8002070071955589,Periodontitis,True
P8,3.0120110650218868,0.9312493017574445,96,0.6598994946643767,4.356836572936827,0.9758466122870081,301,0.7634050107368193,Periodontitis,False
P9,3.9009261213528323,0.9589350247846705,192,0.7419742377915344,4.510570315275873,0.9750113266830612,304,0.7889712191120579,Periodontitis,True
P10,2.227464889664398,0.7163502507921838,121,0.46446250487514446,3.527788775539585,0.9147458974228373,262,0.6335435555678652,Periodontitis,False
P11,3.0514950826165355,0.9189717185533405,140,0.6175062502813131,4.38315999531067,0.9762564077904159,372,0.7405370164133367,Periodontitis,False
P12,1.5512633661553124,0.5934400863610464,103,0.33470422328789945,2.459080167308865,0.8075226672908398,186,0.47057010621633205,Periodontitis,False
P13,2.913610018326362,0.9110586582297245,122,0.6064940164074865,4.337978670206974,0.9670913294272825,322,0.7512234735447325,Periodontitis,False
P14,2.660645807458812,0.8276076764081343,131,0.5457514088294951,3.698892897626882,0.8882523754794802,299,0.6488780829079832,Periodontitis,False
P15,3.662057371979956,0.9078556631677334,250,0.6632406579448907,4.539345936783324,0.922685152966354,640,0.7025254652488175,Periodontitis,False
P16,3.883032577095082,0.9631174454682399,147,0.7780953874384531,4.887584050226252,0.98323175183159,353,0.8331391226872618,Periodontitis,False
P17,2.650253116018669,0.8561965058406467,140,0.536310175720742,3.877855863792835,0.9476197447356935,313,0.6748553323308969,Periodontitis,False
P18,4.809953084495214,0.9791703301103644,360,0.8171709264387889,6.079131407384021,0.9946905048279642,881,0.8964872063809881,Periodontitis,True
