level,metric,subset,n_disease,n_reference,median_disease,median_reference,U,p,rank_biserial
genus,observed,all samples,18,16,140.0,179.5,100.0,0.1333536827195035,-0.3055555555555556
genus,observed,without high-richness H,18,10,140.0,136.5,100.0,0.6487118235183362,0.1111111111111111
genus,chao1,all samples,18,16,141.41666666666669,182.16973684210527,100.0,0.13338334465514512,-0.3055555555555556
genus,chao1,without high-richness H,18,10,141.41666666666669,139.75,100.0,0.6487566620800009,0.1111111111111111
genus,ace,all samples,18,16,141.35446936387467,184.2317638979152,100.0,0.13338334465514512,-0.3055555555555556
genus,ace,without high-richness H,18,10,141.35446936387467,140.77597534336348,100.0,0.6487566620800009,0.1111111111111111
feature,observed,all samples,18,16,348.5,390.5,122.0,0.4581961126576446,-0.1527777777777778
feature,observed,without high-richness H,18,10,348.5,299.0,122.0,0.13096449437037963,0.35555555555555557
feature,chao1,all samples,18,16,352.20426065162906,402.99215344376637,123.0,0.47936938015165176,-0.14583333333333334
feature,chao1,without high-richness H,18,10,352.20426065162906,305.825,123.0,0.11917263878601765,0.36666666666666664
feature,ace,all samples,18,16,354.8312417504371,403.50336918506537,121.0,0.4375578509038419,-0.1597222222222222
feature,ace,without high-richness H,18,10,354.8312417504371,306.9032912397703,121.0,0.14364174390061007,0.34444444444444444
