,H1,H2,H3,H4,H5,H6,H7,H8,H9,H10,H11,H12,H13,H14,H15,H16,P1,P2,P3,P4,P5,P6,P7,P8,P9,P10,P11,P12,P13,P14,P15,P16,P17,P18
H1,0.0,0.5432098765432098,0.5787234042553191,0.6307053941908713,0.7094017094017094,0.43167701863354035,0.432258064516129,0.42990654205607476,0.5683760683760684,0.6150627615062761,0.41033434650455924,0.6176470588235294,0.42813455657492355,0.40425531914893614,0.6592920353982301,0.6550218340611353,0.6326530612244898,0.6708860759493671,0.6363636363636364,0.5726141078838174,0.44814814814814813,0.6166666666666667,0.562015503875969,0.6796536796536796,0.6727272727272727,0.6666666666666666,0.625,0.7056277056277056,0.6567796610169492,0.6228813559322034,0.49416342412451364,0.6204081632653061,0.6583333333333333,0.519298245614035
H2,0.5432098765432098,0.0,0.5433526011560693,0.5411764705882353,0.6503067484662577,0.639871382636656,0.6666666666666666,0.6298701298701299,0.5625,0.5771428571428572,0.6,0.5555555555555556,0.6285714285714286,0.5981012658227848,0.5555555555555556,0.5419354838709678,0.5375722543352601,0.5253164556962026,0.5064102564102564,0.48554913294797686,0.5899581589958159,0.5119047619047619,0.7098214285714286,0.5612903225806452,0.7957446808510639,0.569620253164557,0.5581395348837209,0.6,0.5843373493975904,0.5789473684210527,0.5813953488372093,0.6010928961748634,0.5276073619631901,0.7453874538745388
H3,0.5787234042553191,0.5433526011560693,0.0,0.5194805194805194,0.6754966887417219,0.7041800643086816,0.7368421052631579,0.6732673267326733,0.5617283950617284,0.5864197530864198,0.6761006289308176,0.5632911392405063,0.6666666666666666,0.678125,0.48872180451127817,0.5390070921985816,0.5345911949685535,0.45652173913043476,0.5104895104895105,0.4875,0.6277056277056277,0.5443037974683544,0.7772727272727272,0.4962962962962963,0.8153153153153153,0.5793103448275863,0.5384615384615384,0.5620437956204379,0.5374149659863946,0.5328947368421053,0.5891089108910891,0.6436781609195402,0.5526315789473685,0.7739463601532567
H4,0.6307053941908713,0.5411764705882353,0.5194805194805194,0.0,0.7105263157894737,0.7129032258064516,0.75,0.7077922077922078,0.5414012738853503,0.6280487804878049,0.6886792452830188,0.5328947368421053,0.7006369426751592,0.6698412698412698,0.4728682170542636,0.5571428571428572,0.5032679738562091,0.4744525547445255,0.4855072463768116,0.5487804878048781,0.6211453744493393,0.5131578947368421,0.755868544600939,0.46923076923076923,0.8333333333333334,0.48120300751879697,0.5066666666666667,0.5488721804511278,0.4928571428571429,0.5,0.5663265306122449,0.6432748538011696,0.5503355704697986,0.8075471698113208
H5,0.7094017094017094,0.6503067484662577,0.6754966887417219,0.7105263157894737,0.0,0.7633333333333333,0.7649122807017544,0.7457627118644068,0.6418918918918919,0.6506849315068494,0.7532051282051282,0.6170212765957447,0.762214983713355,0.7427652733118971,0.6260162601626016,0.6511627906976745,0.6510067114093959,0.6691176470588235,0.6592592592592592,0.6274509803921569,0.7104072398190046,0.5957446808510638,0.7846153846153846,0.6640625,0.8031088082901554,0.6190476190476191,0.6482758620689655,0.6016949152542372,0.6136363636363636,0.6357142857142857,0.7222222222222222,0.6027397260273972,0.5538461538461539,0.8049792531120332
H6,0.43167701863354035,0.639871382636656,0.7041800643086816,0.7129032258064516,0.7633333333333333,0.0,0.27639751552795033,0.19811320754716982,0.6925566343042071,0.7138263665594855,0.20606060606060606,0.7284345047923323,0.1724137931034483,0.1945288753799392,0.7882736156351792,0.775974025974026,0.7092651757188498,0.7652733118971061,0.7572815533980582,0.6762820512820513,0.475,0.7229299363057324,0.5620915032679739,0.797427652733119,0.5909090909090909,0.7877813504823151,0.7373417721518988,0.7854785478547854,0.7548387096774194,0.7452229299363057,0.5523809523809524,0.6567656765676567,0.7263843648208469,0.44126984126984126
H7,0.432258064516129,0.6666666666666666,0.7368421052631579,0.75,0.7649122807017544,0.27639751552795033,0.0,0.2848297213622291,0.7377049180327869,0.7214765100671141,0.30973451327433627,0.7573770491803279,0.29607250755287007,0.31378299120234604,0.8233333333333334,0.8262295081967214,0.7418300653594772,0.8032786885245902,0.7993421052631579,0.7124183006535948,0.45723684210526316,0.7516339869281046,0.4910394265232975,0.8436482084690554,0.5018050541516246,0.8184818481848185,0.75,0.7923875432525952,0.7967213114754098,0.7664473684210527,0.5765472312703583,0.6666666666666666,0.7682119205298014,0.3890784982935154
H8,0.42990654205607476,0.6298701298701299,0.6732673267326733,0.7077922077922078,0.7457627118644068,0.19811320754716982,0.2848297213622291,0.0,0.6743421052631579,0.696078431372549,0.20909090909090908,0.711038961038961,0.1755485893416928,0.18098159509202455,0.7550335570469798,0.7631578947368421,0.7041800643086816,0.7401315789473685,0.752442996742671,0.6666666666666666,0.45396825396825397,0.7012987012987013,0.565359477124183,0.7928802588996764,0.598705501618123,0.7712418300653595,0.7202572347266881,0.7643097643097643,0.745928338762215,0.724025974025974,0.5555555555555556,0.6644736842105263,0.7,0.43450479233226835
H9,0.5683760683760684,0.5625,0.5617283950617284,0.5414012738853503,0.6418918918918919,0.6925566343042071,0.7377049180327869,0.6743421052631579,0.0,0.6060606060606061,0.6853582554517134,0.575,0.6805111821086262,0.6624605678233438,0.5037037037037037,0.5214285714285715,0.5903614457831325,0.5342465753424658,0.5540540540540541,0.603448275862069,0.6293103448275862,0.55625,0.75,0.5323741007194245,0.8,0.5214285714285715,0.5506329113924051,0.625,0.5405405405405406,0.5641025641025641,0.5980392156862745,0.6457142857142857,0.5741935483870968,0.7558139534883721
H10,0.6150627615062761,0.5771428571428572,0.5864197530864198,0.6280487804878049,0.6506849315068494,0.7138263665594855,0.7214765100671141,0.696078431372549,0.6060606060606061,0.0,0.6730158730158731,0.5641025641025641,0.697452229299363,0.6708860759493671,0.6530612244897959,0.5902777777777778,0.5802469135802469,0.6363636363636364,0.5314685314685315,0.5426829268292683,0.6406926406926406,0.58125,0.7272727272727273,0.5915492957746479,0.7906976744186046,0.6,0.5668789808917197,0.6142857142857143,0.5771812080536913,0.6163522012578616,0.6376811594202898,0.6374269005847953,0.5909090909090909,0.7568627450980392
H11,0.41033434650455924,0.6,0.6761006289308176,0.6886792452830188,0.7532051282051282,0.20606060606060606,0.30973451327433627,0.20909090909090908,0.6853582554517134,0.6730158730158731,0.0,0.6751592356687898,0.1787878787878788,0.1398176291793313,0.75,0.746031746031746,0.677115987460815,0.7238095238095238,0.7115384615384616,0.6317460317460317,0.43343653250773995,0.6698412698412698,0.56875,0.7634069400630915,0.5962732919254659,0.7617554858934169,0.680379746835443,0.7508090614886731,0.7255520504731862,0.6962025316455697,0.5141065830721003,0.6464968152866242,0.6891025641025641,0.4434250764525994
H12,0.6176470588235294,0.5555555555555556,0.5632911392405063,0.5328947368421053,0.6170212765957447,0.7284345047923323,0.7573770491803279,0.711038961038961,0.575,0.5641025641025641,0.6751592356687898,0.0,0.707936507936508,0.6772151898734177,0.5263157894736842,0.4772727272727273,0.48,0.47058823529411764,0.4927536231884058,0.51875,0.6666666666666666,0.4375,0.783410138248848,0.5112781954887218,0.8272727272727273,0.5642857142857143,0.49324324324324326,0.5343511450381679,0.5211267605633803,0.527027027027027,0.6274509803921569,0.608433734939759,0.4642857142857143,0.8068181818181818
H13,0.42813455657492355,0.6285714285714286,0.6666666666666666,0.7006369426751592,0.762214983713355,0.1724137931034483,0.29607250755287007,0.1755485893416928,0.6805111821086262,0.697452229299363,0.1787878787878788,0.707936507936508,0.0,0.1782477341389728,0.7709677419354839,0.7628205128205128,0.7012578616352201,0.7484076433121019,0.7403846153846154,0.668769716088328,0.4660493827160494,0.7066246056782335,0.5791139240506329,0.7879746835443038,0.589171974522293,0.7707006369426752,0.7047619047619048,0.775974025974026,0.7380191693290735,0.7287066246056783,0.5559006211180124,0.6666666666666666,0.7055016181229773,0.4520123839009288
H14,0.40425531914893614,0.5981012658227848,0.678125,0.6698412698412698,0.7427652733118971,0.1945288753799392,0.31378299120234604,0.18098159509202455,0.6624605678233438,0.6708860759493671,0.1398176291793313,0.6772151898734177,0.1782477341389728,0.0,0.7476038338658147,0.731629392971246,0.653968253968254,0.7133757961783439,0.7051282051282052,0.6383647798742138,0.43209876543209874,0.6592356687898089,0.5802469135802469,0.7531645569620253,0.5987654320987654,0.7356687898089171,0.6823899371069182,0.752411575562701,0.7192429022082019,0.6981132075471698,0.5263157894736842,0.6401273885350318,0.6869009584664537,0.46546546546546547
H15,0.6592920353982301,0.5555555555555556,0.48872180451127817,0.4728682170542636,0.6260162601626016,0.7882736156351792,0.8233333333333334,0.7550335570469798,0.5037037037037037,0.6530612244897959,0.75,0.5263157894736842,0.7709677419354839,0.7476038338658147,0.0,0.42342342342342343,0.5362318840579711,0.4444444444444444,0.43103448275862066,0.5547945205479452,0.6880733944954128,0.4573643410852713,0.81,0.43636363636363634,0.8737864077669902,0.4782608695652174,0.44881889763779526,0.5565217391304348,0.4918032786885246,0.47619047619047616,0.6195652173913043,0.6333333333333333,0.5,0.844
H16,0.6550218340611353,0.5419354838709678,0.5390070921985816,0.5571428571428572,0.6511627906976745,0.775974025974026,0.8262295081967214,0.7631578947368421,0.5214285714285715,0.5902777777777778,0.746031746031746,0.4772727272727273,0.7628205128205128,0.731629392971246,0.42342342342342343,0.0,0.5,0.45454545454545453,0.45454545454545453,0.5103448275862069,0.6891891891891891,0.4888888888888889,0.8029556650246306,0.3761467889908257,0.8767772511848341,0.46153846153846156,0.5255474452554745,0.5867768595041323,0.4634146341463415,0.5298507462686567,0.6510416666666666,0.6,0.5413533834586466,0.8604651162790697
P1,0.6326530612244898,0.5375722543352601,0.5345911949685535,0.5032679738562091,0.6510067114093959,0.7092651757188498,0.7418300653594772,0.7041800643086816,0.5903614457831325,0.5802469135802469,0.677115987460815,0.48,0.7012578616352201,0.653968253968254,0.5362318840579711,0.5,0.0,0.48226950354609927,0.4148148148148148,0.4906832298136646,0.6173913043478261,0.44966442953020136,0.7671232876712328,0.45454545454545453,0.8161434977578476,0.5,0.4934210526315789,0.5112781954887218,0.48951048951048953,0.45517241379310347,0.5980392156862745,0.5892857142857143,0.5364238410596026,0.8022388059701493
P2,0.6708860759493671,0.5253164556962026,0.45652173913043476,0.4744525547445255,0.6691176470588235,0.7652733118971061,0.8032786885245902,0.7401315789473685,0.5342465753424658,0.6363636363636364,0.7238095238095238,0.47058823529411764,0.7484076433121019,0.7133757961783439,0.4444444444444444,0.45454545454545453,0.48226950354609927,0.0,0.4098360655737705,0.48299319727891155,0.6576576576576577,0.45985401459854014,0.8095238095238095,0.38596491228070173,0.8598130841121495,0.4796747967479675,0.45185185185185184,0.5528455284552846,0.46875,0.44274809160305345,0.5925925925925926,0.6521739130434783,0.5111111111111111,0.8378378378378378
P3,0.6363636363636364,0.5064102564102564,0.5104895104895105,0.4855072463768116,0.6592592592592592,0.7572815533980582,0.7993421052631579,0.752442996742671,0.5540540540540541,0.5314685314685315,0.7115384615384616,0.4927536231884058,0.7403846153846154,0.7051282051282052,0.43103448275862066,0.45454545454545453,0.4148148148148148,0.4098360655737705,0.0,0.46206896551724136,0.639269406392694,0.4015151515151515,0.8151658767772512,0.38596491228070173,0.8544600938967136,0.45454545454545453,0.40458015267175573,0.5166666666666667,0.39344262295081966,0.3937007874015748,0.6,0.6521739130434783,0.46564885496183206,0.8378378378378378
P4,0.5726141078838174,0.48554913294797686,0.4875,0.5487804878048781,0.6274509803921569,0.6762820512820513,0.7124183006535948,0.6666666666666666,0.603448275862069,0.5426829268292683,0.6317460317460317,0.51875,0.668769716088328,0.6383647798742138,0.5547945205479452,0.5103448275862069,0.4906832298136646,0.48299319727891155,0.46206896551724136,0.0,0.5844155844155844,0.45161290322580644,0.7654867256637168,0.5104895104895105,0.8078602620087336,0.5503355704697986,0.4645161290322581,0.5724137931034483,0.5576923076923077,0.5064102564102564,0.5323383084577115,0.5942857142857143,0.5625,0.7404580152671756
P5,0.44814814814814813,0.5899581589958159,0.6277056277056277,0.6211453744493393,0.7104072398190046,0.475,0.45723684210526316,0.45396825396825397,0.6293103448275862,0.6406926406926406,0.43343653250773995,0.6666666666666666,0.4660493827160494,0.43209876543209874,0.6880733944954128,0.6891891891891891,0.6173913043478261,0.6576576576576577,0.639269406392694,0.5844155844155844,0.0,0.6363636363636364,0.5609756097560976,0.684931506849315,0.6245059288537549,0.6832579185520362,0.6391304347826087,0.7123287671232876,0.6607142857142857,0.6311111111111111,0.44537815126050423,0.5796460176991151,0.6622807017543859,0.532608695652174
P6,0.6166666666666667,0.5119047619047619,0.5443037974683544,0.5131578947368421,0.5957446808510638,0.7229299363057324,0.7516339869281046,0.7012987012987013,0.55625,0.58125,0.6698412698412698,0.4375,0.7066246056782335,0.6592356687898089,0.4573643410852713,0.4888888888888889,0.44966442953020136,0.45985401459854014,0.4015151515151515,0.45161290322580644,0.6363636363636364,0.0,0.7808219178082192,0.4296875,0.8295964125560538,0.5109489051094891,0.4413793103448276,0.5447761194029851,0.4338235294117647,0.5067567567567568,0.5778894472361809,0.6235294117647059,0.45390070921985815,0.7908745247148289
P7,0.562015503875969,0.7098214285714286,0.7772727272727272,0.755868544600939,0.7846153846153846,0.5620915032679739,0.4910394265232975,0.565359477124183,0.75,0.7272727272727273,0.56875,0.783410138248848,0.5791139240506329,0.5802469135802469,0.81,0.8029556650246306,0.7671232876712328,0.8095238095238095,0.8151658767772512,0.7654867256637168,0.5609756097560976,0.7808219178082192,0.0,0.8349514563106796,0.5849056603773585,0.8203883495145631,0.8116591928251121,0.8,0.782608695652174,0.7559808612440191,0.6180257510729614,0.6551724137931034,0.7819905213270142,0.5662650602409639
P8,0.6796536796536796,0.5612903225806452,0.4962962962962963,0.46923076923076923,0.6640625,0.797427652733119,0.8436482084690554,0.7928802588996764,0.5323741007194245,0.5915492957746479,0.7634069400630915,0.5112781954887218,0.7879746835443038,0.7531645569620253,0.43636363636363634,0.3761467889908257,0.45454545454545453,0.38596491228070173,0.38596491228070173,0.5104895104895105,0.684931506849315,0.4296875,0.8349514563106796,0.0,0.9065420560747663,0.40540540540540543,0.46923076923076923,0.5641025641025641,0.423728813559322,0.42276422764227645,0.6086956521739131,0.5821917808219178,0.5078125,0.8764478764478765
P9,0.6727272727272727,0.7957446808510639,0.8153153153153153,0.8333333333333334,0.8031088082901554,0.5909090909090909,0.5018050541516246,0.598705501618123,0.8,0.7906976744186046,0.5962732919254659,0.8272727272727273,0.589171974522293,0.5987654320987654,0.8737864077669902,0.8767772511848341,0.8161434977578476,0.8598130841121495,0.8544600938967136,0.8078602620087336,0.6245059288537549,0.8295964125560538,0.5849056603773585,0.9065420560747663,0.0,0.8714285714285714,0.8385650224215246,0.8542713567839196,0.8663594470046083,0.8454545454545455,0.6833333333333333,0.7285714285714285,0.8433179723502304,0.5495867768595041
P10,0.6666666666666666,0.569620253164557,0.5793103448275863,0.48120300751879697,0.6190476190476191,0.7877813504823151,0.8184818481848185,0.7712418300653595,0.5214285714285715,0.6,0.7617554858934169,0.5642857142857143,0.7707006369426752,0.7356687898089171,0.4782608695652174,0.46153846153846156,0.5,0.4796747967479675,0.45454545454545453,0.5503355704697986,0.6832579185520362,0.5109489051094891,0.8203883495145631,0.40540540540540543,0.8714285714285714,0.0,0.48120300751879697,0.5508474576271186,0.4380165289256198,0.4728682170542636,0.6368421052631579,0.6274509803921569,0.5522388059701493,0.8692307692307693
P11,0.625,0.5581395348837209,0.5384615384615384,0.5066666666666667,0.6482758620689655,0.7373417721518988,0.75,0.7202572347266881,0.5506329113924051,0.5668789808917197,0.680379746835443,0.49324324324324326,0.7047619047619048,0.6823899371069182,0.44881889763779526,0.5255474452554745,0.4934210526315789,0.45185185185185184,0.40458015267175573,0.4645161290322581,0.6391304347826087,0.4413793103448276,0.8116591928251121,0.46923076923076923,0.8385650224215246,0.48120300751879697,0.0,0.5912408759124088,0.47101449275362317,0.45774647887323944,0.5808080808080808,0.6190476190476191,0.5,0.7938931297709924
P12,0.7056277056277056,0.6,0.5620437956204379,0.5488721804511278,0.6016949152542372,0.7854785478547854,0.7923875432525952,0.7643097643097643,0.625,0.6142857142857143,0.7508090614886731,0.5343511450381679,0.775974025974026,0.752411575562701,0.5565217391304348,0.5867768595041323,0.5112781954887218,0.5528455284552846,0.5166666666666667,0.5724137931034483,0.7123287671232876,0.5447761194029851,0.8,0.5641025641025641,0.8542713567839196,0.5508474576271186,0.5912408759124088,0.0,0.5826771653543307,0.5426356589147286,0.6413043478260869,0.6137931034482759,0.6090225563909775,0.8367346938775511
P13,0.6567796610169492,0.5843373493975904,0.5374149659863946,0.4928571428571429,0.6136363636363636,0.7548387096774194,0.7967213114754098,0.745928338762215,0.5405405405405406,0.5771812080536913,0.7255520504731862,0.5211267605633803,0.7380191693290735,0.7192429022082019,0.4918032786885246,0.4634146341463415,0.48951048951048953,0.46875,0.39344262295081966,0.5576923076923077,0.6607142857142857,0.4338235294117647,0.782608695652174,0.423728813559322,0.8663594470046083,0.4380165289256198,0.47101449275362317,0.5826771653543307,0.0,0.45112781954887216,0.6113989637305699,0.6139240506329114,0.48507462686567165,0.8346153846153846
P14,0.6228813559322034,0.5789473684210527,0.5328947368421053,0.5,0.6357142857142857,0.7452229299363057,0.7664473684210527,0.724025974025974,0.5641025641025641,0.6163522012578616,0.6962025316455697,0.527027027027027,0.7287066246056783,0.6981132075471698,0.47619047619047616,0.5298507462686567,0.45517241379310347,0.44274809160305345,0.3937007874015748,0.5064102564102564,0.6311111111111111,0.5067567567567568,0.7559808612440191,0.42276422764227645,0.8454545454545455,0.4728682170542636,0.45774647887323944,0.5426356589147286,0.45112781954887216,0.0,0.5699481865284974,0.6073619631901841,0.4928571428571429,0.8129770992366412
P15,0.49416342412451364,0.5813953488372093,0.5891089108910891,0.5663265306122449,0.7222222222222222,0.5523809523809524,0.5765472312703583,0.5555555555555556,0.5980392156862745,0.6376811594202898,0.5141065830721003,0.6274509803921569,0.5559006211180124,0.5263157894736842,0.6195652173913043,0.6510416666666666,0.5980392156862745,0.5925925925925926,0.6,0.5323383084577115,0.44537815126050423,0.5778894472361809,0.6180257510729614,0.6086956521739131,0.6833333333333333,0.6368421052631579,0.5808080808080808,0.6413043478260869,0.6113989637305699,0.5699481865284974,0.0,0.5970873786407767,0.628140703517588,0.5871212121212122
P16,0.6204081632653061,0.6010928961748634,0.6436781609195402,0.6432748538011696,0.6027397260273972,0.6567656765676567,0.6666666666666666,0.6644736842105263,0.6457142857142857,0.6374269005847953,0.6464968152866242,0.608433734939759,0.6666666666666666,0.6401273885350318,0.6333333333333333,0.6,0.5892857142857143,0.6521739130434783,0.6521739130434783,0.5942857142857143,0.5796460176991151,0.6235294117647059,0.6551724137931034,0.5821917808219178,0.7285714285714285,0.6274509803921569,0.6190476190476191,0.6137931034482759,0.6139240506329114,0.6073619631901841,0.5970873786407767,0.0,0.6666666666666666,0.7091633466135459
P17,0.6583333333333333,0.5276073619631901,0.5526315789473685,0.5503355704697986,0.5538461538461539,0.7263843648208469,0.7682119205298014,0.7,0.5741935483870968,0.5909090909090909,0.6891025641025641,0.4642857142857143,0.7055016181229773,0.6869009584664537,0.5,0.5413533834586466,0.5364238410596026,0.5111111111111111,0.46564885496183206,0.5625,0.6622807017543859,0.45390070921985815,0.7819905213270142,0.5078125,0.8433179723502304,0.5522388059701493,0.5,0.6090225563909775,0.48507462686567165,0.4928571428571429,0.628140703517588,0.6666666666666666,0.0,0.8199233716475096
P18,0.519298245614035,0.7453874538745388,0.7739463601532567,0.8075471698113208,0.8049792531120332,0.44126984126984126,0.3890784982935154,0.43450479233226835,0.7558139534883721,0.7568627450980392,0.4434250764525994,0.8068181818181818,0.4520123839009288,0.46546546546546547,0.844,0.8604651162790697,0.8022388059701493,0.8378378378378378,0.8378378378378378,0.7404580152671756,0.532608695652174,0.7908745247148289,0.5662650602409639,0.8764478764478765,0.5495867768595041,0.8692307692307693,0.7938931297709924,0.8367346938775511,0.8346153846153846,0.8129770992366412,0.5871212121212122,0.7091633466135459,0.8199233716475096,0.0
