,PCo1,PCo2,PCo3,NMDS1,NMDS2
H1,-0.10387801672988001,-0.007102933119876896,0.0019595695597287763,0.007311923393793222,0.13111197506824213
H2,-0.20120725803087156,0.07042585522916352,0.053249565611404745,-0.08204775606668514,0.30227877146393023
H3,-0.21049219111013961,0.027068615208730232,0.06965663977165466,-0.011684587095820752,0.3006189681412824
H4,-0.19264913164143832,0.03410037001113914,-0.017621166085026996,-0.04280775238236749,0.406343045961302
H5,-0.16694995226551318,0.2071221104356522,0.2546054029621172,-0.35840850818377895,0.42848834181867745
H6,0.19115061278390627,0.24752056074659745,-0.25012852919540685,-0.46032407351324467,-0.3454408130173751
H7,0.6137705970598843,0.028001304267790832,-0.07647738339358662,-0.3943459149107456,-1.3477465184564337
H8,0.1436857547179002,0.34399417293125767,-0.05917988992967802,-0.5043546599917202,-0.14633054523497563
H9,-0.16862881719039852,0.13548525235255696,0.1979262058407155,-0.24421995990304482,0.33015612974357833
H10,-0.1205851162786128,0.02819450159663841,0.1229236364748978,-0.09649828084530242,0.16120335817440193
H11,0.09714347306289575,0.3269703512401371,-0.16282915953848412,-0.4362728348997511,-0.060730952567255705
H12,-0.14367421276295048,-0.002657385959674478,0.09601565447228917,-0.06612411795014919,0.5586312865730012
H13,0.1203491926204907,0.23615223497281224,-0.14101210717231163,-0.3185271513119034,-0.17838270395775316
H14,0.05657734938183079,0.3012976677935812,-0.15213356075692577,-0.35571348613398956,-0.014825787279471555
H15,-0.1898797299036746,-0.16413444299043686,-0.03978641865392907,0.22010576971643653,0.2824504788419697
H16,-0.18759572475295214,0.04697903227822535,0.06703988318373662,-0.0844165934760751,0.33829618090641717
P1,-0.11061379084051201,-0.2533565991214974,0.028774673643433904,0.529224236604393,0.18278338196547303
P2,-0.07572280290712097,-0.3067645153243574,-0.19273146505382888,0.7223370951110285,0.1572432479614501
P3,-0.20420705473446707,0.0514103461324226,-0.0506424270521386,-0.01678141311243994,0.36046367231802556
P4,-0.16297883419008619,-0.20558265696483047,0.033401280814249854,0.269898415991845,0.1912879624272704
P5,0.020097283227183998,-0.196618509287413,0.033341375827522904,0.24921747978343348,-0.041793664391421174
P6,-0.14563341394001966,-0.122290207456697,-0.1858987916676978,0.3126363859576786,0.5003856802342167
P7,0.6381347376952303,-0.10670879033660802,0.14090326735451256,0.2353968080956364,-1.4783158404301566
P8,-0.19021714843820337,-0.2086286016849171,0.04165632261123619,0.3121238352972077,0.35228496984624924
P9,0.6728245898992014,-0.14403848910675246,0.18814404140901736,0.20734921171554535,-1.7679163765697283
P10,-0.1628128612947066,0.1314494162406673,0.20347197041376225,-0.31863365118944836,0.48929563207937343
P11,-0.1747599828038473,-0.046019989402797216,-0.04038852934432369,0.1124233685722225,0.25549516266296557
P12,-0.14616769534626464,0.26990288704572785,0.20879111849697116,-0.4704887056361692,0.5274885020538289
P13,-0.19521675555929466,-0.05526316947907337,-0.09841533015066752,0.12187225765305018,0.3652429554369279
P14,-0.12124335557274665,-0.1704087803177435,-0.1840793372800388,0.49545731697294687,0.40988575623501267
P15,0.05959134507818447,-0.15010000784775415,-0.20167717474720032,0.292839249807516,-0.12353107329544834
P16,0.2556701881506193,-0.24944124201954868,0.18341358292608745,0.2699671697688006,-0.5126538957277226
P17,-0.1631965455127716,-0.08265647723710794,-0.06280014107753928,0.1639778658213435,0.5110216389102601
P18,0.6693152681291434,-0.014301880826013854,-0.009472780274554036,-0.26048894366024067,-1.524788927896115
