taxon,rank,clr_mean_diff,clr_diff_ci_low,clr_diff_ci_high,rank_biserial,p,q_bh,prevalence_reference,mean_rel_abund_reference,prevalence_disease,mean_rel_abund_disease,direction
Unclassified Bacilli,1,3.5763178031358667,2.639583277639936,4.513052328631797,0.8958333333333334,9.264187025252e-06,0.003279522206939208,0.3125,2.1561693563572312e-05,0.8888888888888888,0.0012566575828199618,higher in disease
Subdoligranulum,2,-1.3801347926287426,-1.98453369237638,-0.7757358928811052,-0.7916666666666666,8.998470615325281e-05,0.01592729298912575,0.5625,0.00021635000922638688,0.0,0.0,higher in reference
Enterobacter,3,-1.7608056602441118,-2.719001756875711,-0.8026095636125123,-0.6666666666666666,0.0009839960087355915,0.07872431132454773,0.625,0.0006167019259646902,0.1111111111111111,4.882966623704605e-05,higher in reference
Nordella,4,-1.5554668117086914,-2.313610002062134,-0.7973236213552486,-0.6666666666666666,0.0009839960087355915,0.07872431132454773,0.5,0.0004761206329901967,0.05555555555555555,1.578843497138346e-06,higher in reference
Unclassified Pirellulaceae,5,-1.6992161052201835,-2.7338535457215247,-0.6645786647188423,-0.6597222222222222,0.001111925301194177,0.07872431132454773,0.4375,0.0012457217533293553,0.0,0.0,higher in reference
Fretibacterium,6,2.835318297701641,0.8417733200279636,4.828863275375319,0.6319444444444444,0.0017929368517042034,0.08915448369728032,0.6875,0.0006117428218459783,0.8333333333333334,0.006290904406987564,higher in disease
Peptococcus,7,2.2114386818002494,0.7290944893536602,3.6937828742468386,0.625,0.002014790592028934,0.08915448369728032,0.6875,0.00013472466766872586,0.8888888888888888,0.0006682456559984731,higher in disease
Unclassified Isosphaeraceae,8,-1.3125926538166173,-2.1687680196494696,-0.45641728798376513,-0.625,0.002014790592028934,0.08915448369728032,0.5625,0.0002914440505547156,0.1111111111111111,7.071779197146144e-05,higher in reference
Gardnerella,9,-1.2314059340935302,-1.9864810782074334,-0.47633078997962697,-0.6111111111111112,0.0025357970908797887,0.09373412636422646,0.5625,0.00026426448288437913,0.05555555555555555,1.578843497138346e-05,higher in reference
Psychrobacter,10,-1.1565904139504712,-1.822542354694607,-0.4906384732063357,-0.6041666666666666,0.002840110589867792,0.09373412636422646,0.5,0.000285805227736637,0.1111111111111111,6.507050544035056e-06,higher in reference
Treponema,11,1.8773572285768485,0.058384387347241384,3.6963300698064554,0.5972222222222222,0.0031774280123466592,0.09373412636422646,1.0,0.00470621286907812,0.8888888888888888,0.02893394487966651,higher in disease
Faecalibacterium,12,-1.3906593542857122,-2.4975945706684355,-0.28372413790298867,-0.5972222222222222,0.0031774280123466592,0.09373412636422646,0.625,0.0004403288095874936,0.1111111111111111,0.0005432145833871587,higher in reference
Rikenellaceae_RC9_gut_group,13,1.5559760169408499,0.5258488853042005,2.5861031485774992,0.5763888888888888,0.004419989264755074,0.10251814516340642,0.8125,0.0007802102649759683,0.9444444444444444,0.0014621705055889562,higher in disease
Parasutterella,14,-0.7490252800999531,-1.477612774186047,-0.02043778601385915,-0.5763888888888888,0.004419989264755074,0.10251814516340642,0.5,0.0002784762239266266,0.1111111111111111,9.005574701294749e-05,higher in reference
Aphanizomenon_NIES81,15,-1.4657585726495974,-2.4185163244455836,-0.513000820853611,-0.5694444444444444,0.004923187762084489,0.10251814516340642,0.375,0.0007211663969792999,0.0,0.0,higher in reference
Unclassified Beijerinckiaceae,16,-1.327251294998808,-2.1769279807875352,-0.4775746092100809,-0.5694444444444444,0.004923187762084489,0.10251814516340642,0.375,0.00046142604878040953,0.0,0.0,higher in reference
Chelatococcus,17,-1.1712544147027386,-1.9200719222202758,-0.42243690718520155,-0.5694444444444444,0.004923187762084489,0.10251814516340642,0.375,0.00030249782338251765,0.0,0.0,higher in reference
Phocaeicola,18,2.595408688184985,1.3142299896217797,3.87658738674819,0.5625,0.0054776501119253316,0.10262412893723469,0.125,6.736363502243671e-06,0.5555555555555556,0.00037090017125172126,higher in disease
Unclassified Candidatus_Campbellbacteria,19,-1.278803077858367,-2.2808481448632962,-0.276758010853438,-0.5555555555555556,0.006087872055598668,0.10262412893723469,0.375,0.0006553570142475577,0.0,0.0,higher in reference
Acidibacter,20,-1.3127265431760384,-2.394067701006785,-0.23138538534529207,-0.5555555555555556,0.006087872055598668,0.10262412893723469,0.625,0.0005227733707436083,0.2222222222222222,3.6450435691447654e-05,higher in reference
Lentimicrobium,21,2.580137342883275,0.925082825772074,4.235191859994476,0.5555555555555556,0.006087872055598668,0.10262412893723469,0.5625,0.00032417167241984593,0.8333333333333334,0.0018542449737836797,higher in disease
Filifactor,22,2.438076650262996,0.545963748990816,4.330189551535176,0.5486111111111112,0.006758662109637396,0.10491524714074382,0.5625,0.00022580447484256655,0.7777777777777778,0.0016530569243028584,higher in disease
UCG_005,23,-0.7518693586839321,-1.7661492489505037,0.2624105315826396,-0.5416666666666666,0.007495154802504972,0.10491524714074382,0.5,0.000491734780947721,0.1111111111111111,0.000323531589321794,higher in reference
Conexibacter,24,-1.0837014389864517,-2.1427661910578784,-0.024636686915024963,-0.5416666666666666,0.007495154802504972,0.10491524714074382,0.5,0.00025883381365047857,0.05555555555555555,4.026944542976066e-05,higher in reference
Romboutsia,25,-1.513329105664214,-2.640139741304531,-0.38651847002389683,-0.5347222222222222,0.008302823597967862,0.10491524714074382,0.625,0.0007468196980109761,0.2222222222222222,0.00014854811731193081,higher in reference
Candidatus_Nitrocosmicus,26,-1.0620333182041475,-1.898154177719391,-0.22591245868890386,-0.5347222222222222,0.008302823597967862,0.10491524714074382,0.5,0.0004238687191543001,0.1111111111111111,6.504197256386319e-05,higher in reference
Unclassified Prevotellaceae,27,2.1919838914689525,0.5114342679223096,3.8725335150155953,0.5347222222222222,0.008302823597967862,0.10491524714074382,0.75,0.0005982588679513954,0.8333333333333334,0.004699763425206037,higher in disease
Defluviitaleaceae_UCG_011,28,2.3786635765591,0.8883948147584495,3.8689323383597505,0.5277777777777778,0.009187493393680956,0.10491524714074382,0.375,7.271878706794743e-05,0.7222222222222222,0.0005586723691124789,higher in disease
Methylobacterium_Methylorubrum,29,-1.1134163332484788,-2.120301839774726,-0.10653082672223135,-0.5277777777777778,0.009187493393680956,0.10491524714074382,0.5625,0.0003112841914693448,0.16666666666666666,7.838234139873344e-05,higher in reference
Haliangium,30,-1.138319434585347,-2.23710723921904,-0.03953162995165371,-0.5277777777777778,0.009187493393680956,0.10491524714074382,0.6875,0.00032197022306599957,0.2222222222222222,0.00036319369487039385,higher in reference
Prevotella_9,31,-0.858753196074495,-1.9077641828823977,0.19025779073340776,-0.5277777777777778,0.009187493393680956,0.10491524714074382,0.625,0.0001937766386080089,0.16666666666666666,0.0003962738601751535,higher in reference
Unclassified Microtrichales,32,-1.1695596676973352,-2.218284157119175,-0.1208351782754955,-0.5138888888888888,0.011212963803094075,0.12161154228497696,0.5625,0.000340988409723982,0.1111111111111111,0.00011960421643187351,higher in reference
hgcI_clade,33,-0.8381842292680386,-1.7261527689005192,0.049784310364442086,-0.5069444444444444,0.012367275486607826,0.12161154228497696,0.5,0.0005634245456528732,0.1111111111111111,3.0797648921230285e-05,higher in reference
Tannerella,34,2.0979555133961094,0.2195729541701843,3.9763380726220348,0.5069444444444444,0.012367275486607826,0.12161154228497696,0.9375,0.00129288832770905,0.8333333333333334,0.005050525774831134,higher in disease
[Eubacterium]_nodatum_group,35,1.5488182065810747,-0.015468110399286195,3.113104523561436,0.5069444444444444,0.012367275486607826,0.12161154228497696,0.8125,0.0003072446440474552,0.8333333333333334,0.0014289913075382845,higher in disease
Gilliamella,36,-1.1768832785816632,-1.961834767928615,-0.3919317892347115,-0.5069444444444444,0.012367275486607826,0.12161154228497696,0.375,0.00035828797776110927,0.05555555555555555,1.1115334938387698e-06,higher in reference
HSB_OF53_F07,37,-0.8574737460795083,-1.786849560046961,0.07190206788794429,-0.5,0.013625630325097834,0.13036413878607117,0.4375,0.00023008975841964637,0.0,0.0,higher in reference
Verminephrobacter,38,-1.4952449903769305,-2.6892780895454793,-0.3012118912083819,-0.4930555555555556,0.014995774249597058,0.13969747590414103,0.375,0.0016495077952343156,0.05555555555555555,4.455342898611818e-05,higher in reference
Pseudaminobacter,39,-1.385572549064551,-2.509440452388533,-0.26170464574056895,-0.4791666666666667,0.018104470559556003,0.15631664824592256,0.375,0.0008897869115497037,0.0,0.0,higher in reference
Bradyrhizobium,40,-1.2900819490538287,-2.3733091255144094,-0.20685477259324814,-0.4791666666666667,0.018104470559556003,0.15631664824592256,0.5,0.0007127066504385845,0.2777777777777778,7.893632352951122e-05,higher in reference
Unclassified Parcubacteria,41,-1.4423744976790636,-2.6857841719350275,-0.19896482342309962,-0.4791666666666667,0.018104470559556003,0.15631664824592256,0.375,0.0018014812292390895,0.05555555555555555,3.947108742845865e-06,higher in reference
Unclassified Archaea,42,-1.5453333625095889,-2.746097444976961,-0.34456928004221665,-0.4722222222222222,0.019860588142717975,0.16739638577433721,0.6875,0.0015069653125700474,0.3333333333333333,5.8084343959169965e-05,higher in reference
Pseudoxanthomonas,43,-1.405608462592011,-2.5656498916214443,-0.24556703356257792,-0.4652777777777778,0.02176363198367681,0.1736725281801821,0.4375,0.0014567173882181505,0.1111111111111111,3.803117407404611e-05,higher in reference
Paracoccus,44,-1.7724036150498543,-3.1765936933187215,-0.3682135367809871,-0.4583333333333333,0.023823441353965216,0.1736725281801821,0.5,0.002646864555107208,0.05555555555555555,6.340295663409127e-05,higher in reference
Unclassified Caldilineaceae,45,-0.8726759391742746,-2.035794609411143,0.290442731062594,-0.4583333333333333,0.023823441353965216,0.1736725281801821,0.5625,0.0002936963430139505,0.2222222222222222,5.388102920183276e-05,higher in reference
Turicibacter,46,-0.732648628356639,-1.5039073873083386,0.03861013059506069,-0.4583333333333333,0.023823441353965216,0.1736725281801821,0.375,0.00021091679770009233,0.05555555555555555,5.999605289125715e-05,higher in reference
Dongia,47,-0.5724676070912975,-1.5039686442680869,0.35903343008549193,-0.4513888888888889,0.026050277691921375,0.1736725281801821,0.375,0.0001732830471205751,0.05555555555555555,0.00012984062063816664,higher in reference
Candidatus_Cloacimonas,48,-1.2524814878278607,-2.3584329909591633,-0.14652998469655842,-0.4444444444444444,0.028454821001272775,0.1736725281801821,0.3125,0.0008006644710752592,0.0,0.0,higher in reference
Leucobacter,49,-1.1324975900726624,-2.149869685351992,-0.11512549479333312,-0.4444444444444444,0.028454821001272775,0.1736725281801821,0.3125,0.0005490514525855061,0.0,0.0,higher in reference
Lactiplantibacillus,50,-1.052555038789177,-2.0120074687287515,-0.09310260884960275,-0.4444444444444444,0.028454821001272775,0.1736725281801821,0.3125,0.00042445194292394715,0.0,0.0,higher in reference
FukuN18_freshwater_group,51,-0.844247888084629,-1.6772736327659863,-0.011222143403271656,-0.4444444444444444,0.028454821001272775,0.1736725281801821,0.3125,0.00024787599337951455,0.0,0.0,higher in reference
Candidatus_Solibacter,52,-1.0087460579170482,-2.326535736363422,0.30904362052932566,-0.4444444444444444,0.028454821001272775,0.1736725281801821,0.625,0.0007074593393139272,0.2777777777777778,0.0006597079603815389,higher in reference
Unclassified Candidatus_Nomurabacteria,53,-0.8918310965577592,-1.7463717703188912,-0.037290422796626976,-0.4444444444444444,0.028454821001272775,0.1736725281801821,0.3125,0.0002821446894292434,0.0,0.0,higher in reference
Buchnera,54,-1.1177230081461729,-2.1232458188532535,-0.11220019743909204,-0.4444444444444444,0.028454821001272775,0.1736725281801821,0.3125,0.0005156695576885673,0.0,0.0,higher in reference
Iamia,55,-0.4539005855169107,-1.2196371960110384,0.31183602497721696,-0.4444444444444444,0.028454821001272775,0.1736725281801821,0.4375,9.369080742687409e-05,0.05555555555555555,0.00010881318233148094,higher in reference
F0058,56,1.656568535769502,-0.012786414080720565,3.3259234856197244,0.4444444444444444,0.028454821001272775,0.1736725281801821,0.8125,0.0005921020370834018,0.8888888888888888,0.0020169912020862146,higher in disease
Bordetella,57,-1.0560480661944494,-2.016994215385557,-0.09510191700334181,-0.4444444444444444,0.028454821001272775,0.1736725281801821,0.3125,0.0004261212516067675,0.0,0.0,higher in reference
Aquamicrobium,58,-1.2713039447675305,-2.3910946809366225,-0.15151320859843875,-0.4444444444444444,0.028454821001272775,0.1736725281801821,0.3125,0.0008541651944075523,0.0,0.0,higher in reference
Anaeroglobus,59,1.8986907605206251,0.49942152982838794,3.2979599912128625,0.4375,0.031048163886963607,0.18628898332178165,0.25,2.231022373228623e-05,0.5,0.00019821827974330378,higher in disease
Muribaculum,60,-0.9034749153151105,-1.8337533520380018,0.02680352140778086,-0.4305555555555556,0.03384180307511734,0.19015870299351648,0.5,0.000490093555305319,0.16666666666666666,7.192799681901976e-05,higher in reference
Unclassified Gammaproteobacteria,61,-0.3826325289788368,-1.2135956233623335,0.44833056540465976,-0.4305555555555556,0.03384180307511734,0.19015870299351648,0.5,0.00018635654642450793,0.16666666666666666,0.0001816473371926184,higher in reference
Mesorhizobium,62,-0.8776972044066196,-1.9703078297348973,0.2149134209216581,-0.4305555555555556,0.03384180307511734,0.19015870299351648,0.5,0.0003046168283036401,0.16666666666666666,0.00019669782992296294,higher in reference
Bombilactobacillus,63,-0.9173570839108753,-1.917043360317101,0.08232919249535042,-0.4305555555555556,0.03384180307511734,0.19015870299351648,0.375,0.0003147018436477173,0.05555555555555555,1.4535728821443108e-05,higher in reference
Acidovorax,64,-0.7628435995873863,-1.7633389403690451,0.23765174119427246,-0.4166666666666667,0.040077908212802146,0.21827045395895323,0.4375,0.00026402601757953033,0.1111111111111111,6.858490103508685e-05,higher in reference
Peptoanaerobacter,65,1.66220644230921,0.5110130265367503,2.8133998580816697,0.4166666666666667,0.040077908212802146,0.21827045395895323,0.125,1.1491476553136271e-05,0.3888888888888889,0.00019542015127040592,higher in disease
Unclassified Anaerovoracaceae,66,1.5998906213476578,0.2405365617589874,2.959244680936328,0.4097222222222222,0.04354527380404283,0.23237493276489474,0.5,9.696066133834296e-05,0.6666666666666666,0.0003618846332718663,higher in disease
Unclassified Acidimicrobiia,67,-0.529801094345296,-1.6734060338594512,0.6138038451688592,-0.4027777777777778,0.04726269818947012,0.23237493276489474,0.5,0.00039537375748686704,0.2222222222222222,0.0005839903063713415,higher in reference
Salmonella,68,2.1621076667966252,0.35567046673612523,3.9685448668571253,0.4027777777777778,0.04726269818947012,0.23237493276489474,0.1875,0.0007294421155608805,0.3333333333333333,0.006208012054251102,higher in disease
Unclassified Cyanobacteriia,69,-0.8020769407859433,-1.5908745543151173,-0.013279327256769169,-0.4027777777777778,0.04726269818947012,0.23237493276489474,0.375,0.0002366095448865455,0.05555555555555555,7.650383590233216e-06,higher in reference
Allorhizobium_Neorhizobium_Pararhizobium_Rhizobium,70,-0.5002443367449124,-1.3317608897510413,0.3312722162612164,-0.4027777777777778,0.04726269818947012,0.23237493276489474,0.4375,0.00016014796601081818,0.1111111111111111,7.173334750788427e-05,higher in reference
Agromyces,71,-0.5048652242716987,-1.6155444188523809,0.6058139703089835,-0.4027777777777778,0.04726269818947012,0.23237493276489474,0.4375,0.0002686217406730057,0.16666666666666666,0.0003092745753918685,higher in reference
Prevotella_7,72,1.29461379673159,-0.45941180688554506,3.0486394003487254,0.4027777777777778,0.04726269818947012,0.23237493276489474,0.9375,0.004989992048897322,0.8888888888888888,0.010678474218836982,higher in disease
Unclassified LWQ8,73,-0.7097147540567414,-1.8211100559888338,0.4016805478753509,-0.3958333333333333,0.051243473690493875,0.23256653444147218,0.5625,0.000368489806376395,0.2777777777777778,0.00012197325739444507,higher in reference
Unclassified WD2101_soil_group,74,-0.40558016921213846,-1.0741271349804213,0.2629667965561445,-0.3958333333333333,0.051243473690493875,0.23256653444147218,0.375,0.000144046590969709,0.1111111111111111,0.0001155328060962483,higher in reference
Dialister,75,1.3635832959760317,-0.19787492012644248,2.925041512078506,0.3958333333333333,0.051243473690493875,0.23256653444147218,0.875,0.00044226507849243516,0.8888888888888888,0.0017527709266190199,higher in disease
Prevotellaceae_NK3B31_group,76,-0.2752110398431189,-1.1418115234201605,0.5913894437339227,-0.3958333333333333,0.051243473690493875,0.23256653444147218,0.375,0.00013551010885439797,0.1111111111111111,7.931753821827001e-05,higher in reference
Pajaroellobacter,77,-0.24160697740836423,-1.1886697840224092,0.7054558292056808,-0.3958333333333333,0.051243473690493875,0.23256653444147218,0.5,7.960710536839085e-05,0.1111111111111111,0.00021968967114154256,higher in reference
Kouleothrix,78,-0.3096914567758947,-1.1588474909666688,0.5394645774148795,-0.3958333333333333,0.051243473690493875,0.23256653444147218,0.5,0.00020390625470306076,0.2222222222222222,0.00019289551071579068,higher in reference
Nocardioides,79,-1.1651241366703262,-2.3532423622547434,0.022994088914090938,-0.3888888888888889,0.05550118550207106,0.23960267887479456,0.6875,0.0008232412575585076,0.3333333333333333,0.0002932065575426519,higher in reference
Pseudarthrobacter,80,-0.7761009074605367,-1.9933515580586558,0.4411497431375824,-0.3888888888888889,0.05550118550207106,0.23960267887479456,0.625,0.0005023182662339439,0.2222222222222222,0.0004867924688259045,higher in reference
Ruminococcus,81,-0.44364731537763247,-1.3425091145813404,0.45521448382607543,-0.3888888888888889,0.05550118550207106,0.23960267887479456,0.5,0.00020481121151931498,0.16666666666666666,0.00019186901148218543,higher in reference
Terrimonas,82,-0.4017461823236167,-1.2269147606546942,0.4234223960074607,-0.3888888888888889,0.05550118550207106,0.23960267887479456,0.4375,0.00013226396369028507,0.1111111111111111,8.711299059502917e-05,higher in reference
Phascolarctobacterium,83,-0.10451800868663286,-0.9811371471610107,0.772101129787745,-0.3819444444444444,0.060049682085530416,0.255285299347738,0.4375,0.00010714857765774804,0.16666666666666666,0.00021532489616579497,higher in reference
Unclassified Rhodospirillales,84,1.1211928396015054,-0.1677415088642369,2.4101271880672477,0.375,0.06490304220705204,0.255285299347738,0.625,0.00029798144469353417,0.5555555555555556,0.000432204797240437,higher in disease
Pseudoalteromonas,85,-0.7632605133406323,-1.7828658303168086,0.256344803635544,-0.375,0.06490304220705204,0.255285299347738,0.4375,0.00039094131130160966,0.1111111111111111,0.00011141966096244332,higher in reference
Ochrobactrum,86,-1.2367736237034659,-2.640014988798767,0.16646774139183518,-0.375,0.06490304220705204,0.255285299347738,0.3125,0.002161775894204762,0.05555555555555555,0.00015165301789505612,higher in reference
Rhodanobacter,87,-0.7637674211540679,-1.8402873323421003,0.31275249003396444,-0.375,0.06490304220705204,0.255285299347738,0.6875,0.0002121544661826468,0.2777777777777778,0.0001062580939486092,higher in reference
Bartonella,88,-1.0337021234524895,-2.1118682910146744,0.04446404410969551,-0.375,0.06490304220705204,0.255285299347738,0.3125,0.0007012862844444124,0.05555555555555555,1.0281560535258041e-05,higher in reference
Limnobacter,89,-1.1601362155854071,-2.5272949623922143,0.2070225312213998,-0.375,0.06490304220705204,0.255285299347738,0.5625,0.001718225718807056,0.2777777777777778,0.0002895118061215871,higher in reference
Unclassified Bacteroidia,90,-1.1547471508351443,-2.414506261361411,0.10501195969112209,-0.375,0.06490304220705204,0.255285299347738,0.8125,0.0003554076438151647,0.3333333333333333,0.00011359736921957075,higher in reference
Catonella,91,1.0015702351057052,-0.5253459404884762,2.5284864106998866,0.3680555555555556,0.07007553859334129,0.2667391469036862,0.875,0.00030112899640536827,0.7777777777777778,0.001112419518744459,higher in disease
Cellulosimicrobium,92,-0.5416239775100211,-1.5529374299853538,0.46968947496531155,-0.3680555555555556,0.07007553859334129,0.2667391469036862,0.375,0.00019019768409707312,0.05555555555555555,0.00019072669718293823,higher in reference
Leptotrichia,93,1.2093779691266446,-0.6057777136860869,3.024533651939376,0.3680555555555556,0.07007553859334129,0.2667391469036862,0.9375,0.011187135824046015,0.9444444444444444,0.020474172086371496,higher in disease
[Eubacterium]_brachy_group,94,1.4539015485642568,-0.1480598437572671,3.0558629408857807,0.3611111111111111,0.07558159819903558,0.2816409027627221,0.5,0.0001770361481807794,0.6111111111111112,0.00041085942637824707,higher in disease
Unclassified Chitinophagaceae,95,-0.47903603820257545,-1.5811685641965676,0.6230964877914168,-0.3611111111111111,0.07558159819903558,0.2816409027627221,0.5625,0.0003359355836507731,0.2222222222222222,0.00025654884346742443,higher in reference
Burkholderia_Caballeronia_Paraburkholderia,96,-0.767644807543626,-1.827191202914206,0.29190158782695397,-0.3541666666666667,0.08143575910498878,0.29719854353779407,0.5625,0.00035851855009092165,0.3333333333333333,9.812712621450401e-05,higher in reference
Unclassified Anaerolineae,97,-0.26635452640035384,-1.2362191388818844,0.7035100860811768,-0.3541666666666667,0.08143575910498878,0.29719854353779407,0.4375,0.00022292066419231268,0.16666666666666666,0.00018404510575670182,higher in reference
Unclassified Candidatus_Falkowbacteria,98,-0.7237550478187795,-1.7999827169034555,0.3524726212658964,-0.3472222222222222,0.08765262409264556,0.31342453463430836,0.3125,0.000484474692447908,0.05555555555555555,6.357556572764607e-05,higher in reference
Acinetobacter,99,-1.3818498893475315,-2.8803876919503875,0.11668791325532446,-0.3472222222222222,0.08765262409264556,0.31342453463430836,0.8125,0.008650214951387914,0.6111111111111112,0.0006312589317981142,higher in reference
Achromobacter,100,-0.4241613861056912,-1.307738011051293,0.45941523883991064,-0.3402777777777778,0.09424681096710075,0.3147487837957893,0.5,0.00013096849644167786,0.2222222222222222,0.00019479807841684546,higher in reference
Unclassified Gastranaerophilales,101,-0.23442647157956853,-1.1082064756290086,0.6393535324698715,-0.3402777777777778,0.09424681096710075,0.3147487837957893,0.375,0.00017971013756611927,0.05555555555555555,0.00026787957201514353,higher in reference
Unclassified Nitrosopumilaceae,102,-0.18218595509342794,-1.066977487915568,0.7026055777287122,-0.3402777777777778,0.09424681096710075,0.3147487837957893,0.3125,0.000196971047973888,0.05555555555555555,0.00016006082311278286,higher in reference
Sedimenticola,103,-0.6206409970771333,-1.4878216955287482,0.24653970137448156,-0.3402777777777778,0.09424681096710075,0.3147487837957893,0.3125,0.0002308191524838914,0.05555555555555555,3.512866516213164e-05,higher in reference
Unclassified Burkholderiales,104,-0.30195505024378977,-1.1598441778146407,0.5559340773270611,-0.3402777777777778,0.09424681096710075,0.3147487837957893,0.375,0.00020342038153717122,0.2222222222222222,0.0002175216952375272,higher in reference
Candidatus_Udaeobacter,105,-0.48549543699553244,-1.5162191489576031,0.5452282749665383,-0.3402777777777778,0.09424681096710075,0.3147487837957893,0.4375,0.00022198509987603437,0.2222222222222222,4.4161213927222426e-05,higher in reference
Unclassified Pedosphaeraceae,106,-0.8261381345922737,-1.9253951751517406,0.27311890596719335,-0.3402777777777778,0.09424681096710075,0.3147487837957893,0.625,0.00031513761826888905,0.2222222222222222,0.00035354987030392207,higher in reference
Unclassified Candidatus_Saccharibacteria_bacterium_UB2523,107,1.3523475937350724,-0.09953188744984987,2.8042270749199947,0.3333333333333333,0.10123289972993921,0.3228508694089953,0.625,8.400949213271e-05,0.6111111111111112,0.00033032491790227475,higher in disease
Porphyromonas,108,0.7124797063166373,-1.015857464062845,2.4408168766961196,0.3333333333333333,0.10123289972993921,0.3228508694089953,1.0,0.007168176986850211,0.8888888888888888,0.013227942472124117,higher in disease
Campylobacter,109,0.7883993792159085,-0.7832813125957381,2.3600800710275553,0.3333333333333333,0.10123289972993921,0.3228508694089953,1.0,0.006944365783601805,0.9444444444444444,0.011872875573541589,higher in disease
Unclassified JG30_KF_CM45,110,-1.4645117268580605,-3.092155507737723,0.16313205402160214,-0.3333333333333333,0.10123289972993921,0.3228508694089953,0.625,0.0037582920396461183,0.2222222222222222,0.0010184264888601553,higher in reference
Flavobacterium,111,-0.6141700695343673,-1.5085943415016754,0.28025420243294086,-0.3333333333333333,0.10123289972993921,0.3228508694089953,0.5,0.0003418180422538461,0.2777777777777778,8.046148784453156e-05,higher in reference
Prevotellaceae_UCG_001,112,-0.16052725307957738,-1.1465010977530006,0.8254465915938459,-0.3263888888888889,0.10862537673237235,0.3343772466370418,0.4375,0.00025232464460418167,0.16666666666666666,0.0003871841488967249,higher in reference
Marinobacter,113,-1.0078808406174429,-2.3502419968233896,0.3344803155885041,-0.3263888888888889,0.10862537673237235,0.3343772466370418,0.375,0.0016619924156870418,0.16666666666666666,0.0007124529972503582,higher in reference
Aeromicrobium,114,-0.8889276481496956,-2.225236341969427,0.4473810456700361,-0.3263888888888889,0.10862537673237235,0.3343772466370418,0.5625,0.0004199775363763651,0.16666666666666666,0.0002443244519541559,higher in reference
[Eubacterium]_saphenum_group,115,1.532957167010243,-0.27603886812710443,3.3419532021475904,0.3263888888888889,0.10862537673237235,0.3343772466370418,0.5,0.00034379350025009347,0.6111111111111112,0.0011514035881872013,higher in disease
Unclassified Cyanobacteriales,116,-0.8863217524037821,-2.118653974821109,0.3460104700135447,-0.3194444444444444,0.11643857596928994,0.3523013324199029,0.5625,0.0014494496477148728,0.2777777777777778,0.0003568157121421197,higher in reference
Unclassified Geminicoccaceae,117,0.043621027663970025,-1.0062033298030912,1.093445385131031,-0.3194444444444444,0.11643857596928994,0.3523013324199029,0.4375,0.00012203574070519025,0.16666666666666666,0.0005308271480895556,higher in disease
Desulfovibrio,118,1.5008524458476042,0.23576477030145138,2.765940121393757,0.3125,0.12468661770537769,0.3588541680301114,0.3125,9.752699863685421e-05,0.5555555555555556,0.0005342649378717929,higher in disease
Allobaculum,119,0.12332040965889579,-0.8154480912107732,1.0620889105285647,-0.3125,0.12468661770537769,0.3588541680301114,0.375,9.370405449230156e-05,0.16666666666666666,0.00031407098839234524,higher in disease
Lachnoanaerobaculum,120,0.7001095853937369,-0.8789977993272491,2.2792169701147227,0.3125,0.12468661770537769,0.3588541680301114,1.0,0.0016693570586264878,0.8333333333333334,0.002867456123625316,higher in disease
Parvimonas,121,1.3957158182016831,-0.2981061730544965,3.0895378094578625,0.3125,0.12468661770537769,0.3588541680301114,0.75,0.00028753911338002744,0.7222222222222222,0.0007757346536908478,higher in disease
Rhodococcus,122,-0.6270904369206003,-1.7742217390705786,0.520040865229378,-0.3125,0.12468661770537769,0.3588541680301114,0.5,0.00044643204007448743,0.3333333333333333,6.171298170167917e-05,higher in reference
Selenomonas,123,0.7425050441967023,-1.1492672365136911,2.634277324907096,0.3125,0.12468661770537769,0.3588541680301114,1.0,0.004166587782755543,0.8333333333333334,0.01059896485528126,higher in disease
TM7x,124,1.5480048297930589,-0.28753047734734194,3.3835401369334597,0.3055555555555556,0.13338334465514512,0.3656518740081073,0.5625,0.00038833675321991643,0.6666666666666666,0.0010507057124688958,higher in disease
Subgroup_10,125,-0.3174747526860191,-1.3502366482926582,0.71528714292062,-0.3055555555555556,0.13338334465514512,0.3656518740081073,0.4375,0.00022083724735894448,0.16666666666666666,0.00022771459151067967,higher in reference
Unclassified RF39,126,-0.5841653542089732,-1.5921551741834676,0.42382446576552135,-0.3055555555555556,0.13338334465514512,0.3656518740081073,0.6875,0.00020142745468427323,0.3333333333333333,3.925110124242785e-05,higher in reference
Unclassified Gaiellales,127,-0.6067070036120062,-1.7685026011099412,0.5550885938859286,-0.3055555555555556,0.13338334465514512,0.3656518740081073,0.625,0.0005206618103430731,0.3888888888888889,0.00021772966837416458,higher in reference
Unclassified Clostridiales_bacterium_feline_oral_taxon_148,128,1.453324505601824,-0.45534726923453595,3.361996280438184,0.3055555555555556,0.13338334465514512,0.3656518740081073,0.5625,0.00017884230006234378,0.5555555555555556,0.001419482896777226,higher in disease
Weissella,129,-0.7158965735344638,-1.7738376102089943,0.34204446314006676,-0.3055555555555556,0.13338334465514512,0.3656518740081073,0.3125,0.0005529558111272386,0.1111111111111111,4.1963961048444884e-05,higher in reference
Unclassified JG30_KF_AS9,130,-0.6429472926183835,-1.8239910693453587,0.5380964841085918,-0.2986111111111111,0.14254225596926218,0.3656518740081073,0.5625,0.00030385385870448776,0.2222222222222222,0.00011879673587371879,higher in reference
Unclassified Microscillaceae,131,-0.6676168809700467,-1.856353272267467,0.5211195103273736,-0.2986111111111111,0.14254225596926218,0.3656518740081073,0.5,0.0007003826171161209,0.3333333333333333,0.00030541598690550997,higher in reference
Unclassified SC_I_84,132,-0.6084563417482836,-1.6830882975285955,0.46617561403202834,-0.2986111111111111,0.14254225596926218,0.3656518740081073,0.5,0.0003518986575594549,0.2222222222222222,0.00016392625191103067,higher in reference
Unclassified Subgroup_7,133,-0.44737024122427327,-1.6750042528951952,0.7802637704466486,-0.2986111111111111,0.14254225596926218,0.3656518740081073,0.5625,0.0007236624660710021,0.3333333333333333,0.0007562798599882103,higher in reference
SM1A02,134,-0.22509056458708754,-1.3560346266299017,0.9058534974557266,-0.2986111111111111,0.14254225596926218,0.3656518740081073,0.4375,0.0002268511819740566,0.2222222222222222,0.0006269389332437843,higher in reference
Acholeplasma,135,1.6895109854240682,0.1743297028702,3.2046922679779364,0.2986111111111111,0.14254225596926218,0.3656518740081073,0.1875,0.00048113256462668406,0.3888888888888889,0.0009044044295352672,higher in disease
Gaiella,136,-0.36860260977115455,-1.2898142462635787,0.5526090267212697,-0.2986111111111111,0.14254225596926218,0.3656518740081073,0.5,0.00027321621348384194,0.16666666666666666,0.00021744498061430106,higher in reference
Sphingobacterium,137,-0.02243028490938659,-0.9447519345838769,0.8998913647651037,-0.2986111111111111,0.14254225596926218,0.3656518740081073,0.4375,9.80276282735508e-05,0.16666666666666666,0.0002477612028496257,higher in reference
Fusobacterium,138,0.8665343363162652,-0.37772885814522117,2.1107975307777513,0.2986111111111111,0.14254225596926218,0.3656518740081073,1.0,0.02277515211626991,1.0,0.03226792423869759,higher in disease
Aeromonas,139,-0.39047762300537747,-1.3766422430676581,0.5956869970569032,-0.2916666666666667,0.15217643930972224,0.3689757501071348,0.375,0.00033301158338752164,0.05555555555555555,0.00016279137514158568,higher in reference
Acidothermus,140,-0.582737028800151,-1.808774430332383,0.643300372732081,-0.2916666666666667,0.15217643930972224,0.3689757501071348,0.375,0.00020336406057198247,0.1111111111111111,2.9739854509296155e-05,higher in reference
[Eubacterium]_yurii_group,141,1.2639551701296206,-0.12388698936686304,2.6517973296261044,0.2916666666666667,0.15217643930972224,0.3689757501071348,0.4375,8.592358474651187e-05,0.5555555555555556,0.00016291007315036895,higher in disease
Pedomicrobium,142,-0.3286047296398109,-1.1729328031491812,0.5157233438695593,-0.2916666666666667,0.15217643930972224,0.3689757501071348,0.3125,0.0002275376892434713,0.1111111111111111,1.5121700368422631e-05,higher in reference
Mycobacterium,143,-1.1187332469948608,-2.7308821668124263,0.4934156728227046,-0.2916666666666667,0.15217643930972224,0.3689757501071348,0.6875,0.004447520549495792,0.4444444444444444,0.0005134414799779988,higher in reference
Porphyrobacter,144,-0.6624193439798711,-1.9528404147462801,0.6280017267865379,-0.2916666666666667,0.15217643930972224,0.3689757501071348,0.5,0.00027622573738281275,0.2222222222222222,0.00014480171406149853,higher in reference
F0332,145,1.2166082563759328,-0.9628139128233397,3.3960304255752054,0.2916666666666667,0.15217643930972224,0.3689757501071348,0.875,0.004254903122673,0.8333333333333334,0.008883747328027675,higher in disease
Unclassified Desulfovibrionaceae,146,-0.2617267695734874,-1.0038133263944187,0.4803597872474439,-0.2916666666666667,0.15217643930972224,0.3689757501071348,0.375,0.00011896864071046803,0.1111111111111111,0.0001041334591484333,higher in reference
Klebsiella,147,-0.8359868488739337,-2.3146870765539442,0.6427133788060768,-0.2847222222222222,0.1622985013257089,0.3779846675611904,0.625,0.0006866732871936696,0.2222222222222222,0.0007123830344577685,higher in reference
Hyphomicrobium,148,-0.6889190824202078,-1.8084742324204857,0.43063606758007,-0.2847222222222222,0.1622985013257089,0.3779846675611904,0.5625,0.0003479480262063635,0.3333333333333333,6.302141599173495e-05,higher in reference
Ferruginibacter,149,-0.7321568509235326,-2.1719986564177356,0.7076849545706707,-0.2847222222222222,0.1622985013257089,0.3779846675611904,0.5625,0.0003742509272390534,0.2222222222222222,4.7703117563965514e-05,higher in reference
Unclassified NS9_marine_group,150,-0.26863581515058843,-1.5730643387582108,1.0357927084570338,-0.2847222222222222,0.1622985013257089,0.3779846675611904,0.625,0.00021363519856726368,0.2777777777777778,0.00041784674792933536,higher in reference
Unclassified Clostridiales_bacterium_oral_taxon_075,151,1.162748503295019,-0.6033699653344773,2.9288669719245153,0.2847222222222222,0.1622985013257089,0.3779846675611904,0.5,0.00010789190845196228,0.5,0.00045924263442462764,higher in disease
Unclassified Oscillospiraceae,152,-0.41858450894525345,-1.4874675626101332,0.6502985447196262,-0.2847222222222222,0.1622985013257089,0.3779846675611904,0.5,0.00039781903259632586,0.2222222222222222,0.0003445143291779602,higher in reference
Streptomyces,153,-0.3703169288436916,-1.5599428323255857,0.8193089746382025,-0.2777777777777778,0.1729204968703134,0.3923965121287881,0.5625,0.00040964151300564223,0.3333333333333333,0.0007502141267999912,higher in reference
Nitrospira,154,-0.5713368064199749,-1.8405692510053537,0.697895638165404,-0.2777777777777778,0.1729204968703134,0.3923965121287881,0.5,0.0006815548267712361,0.3333333333333333,0.000688971850959533,higher in reference
Faecalibaculum,155,-0.46553230816398583,-1.2925341894339195,0.36146957310594796,-0.2777777777777778,0.1729204968703134,0.3923965121287881,0.375,0.00025235651558428715,0.16666666666666666,6.143802399364987e-05,higher in reference
UCG_002,156,-0.11451011066765304,-1.0462382576808724,0.8172180363455662,-0.2777777777777778,0.1729204968703134,0.3923965121287881,0.4375,0.00011765173091313416,0.16666666666666666,0.00013717223080627827,higher in reference
Citrobacter,157,1.2003166158875342,0.18238274122674714,2.2182504905483214,0.2708333333333333,0.18405385732510526,0.4021917623030078,0.0625,1.3531485834467401e-05,0.16666666666666666,0.00046900550635981295,higher in disease
Unclassified Roseiflexaceae,158,-0.3187577773795834,-1.223409455080696,0.5858939003215293,-0.2708333333333333,0.18405385732510526,0.4021917623030078,0.4375,0.0003013654893351739,0.2222222222222222,0.00010525382221217099,higher in reference
Stenotrophomonas,159,-0.8781285788580298,-2.2387726841042896,0.4825155263882299,-0.2708333333333333,0.18405385732510526,0.4021917623030078,0.5,0.0007284639072246669,0.2222222222222222,0.0004403142682660482,higher in reference
Pseudolabrys,160,-0.568975683908145,-1.7117148984204091,0.5737635306041191,-0.2708333333333333,0.18405385732510526,0.4021917623030078,0.625,0.00034884252180822015,0.3888888888888889,0.0001394446755295651,higher in reference
Unclassified Bacteroidales,161,-0.5554984866250783,-1.612009463233426,0.5010124899832695,-0.2708333333333333,0.18405385732510526,0.4021917623030078,0.625,0.00024272050303033284,0.2777777777777778,0.00027678866587983617,higher in reference
Unclassified Ruminococcaceae,162,-0.20116683008248792,-1.2635441917187022,0.8612105315537263,-0.2708333333333333,0.18405385732510526,0.4021917623030078,0.5,0.00023061574294684653,0.2777777777777778,0.0002454269029908366,higher in reference
Unclassified Sandaracinaceae,163,-0.04052675868151845,-1.10577800032359,1.0247244829605533,-0.2638888888888889,0.19570931842465422,0.4173560163995638,0.4375,0.00022885308782709903,0.2222222222222222,0.00041183739097226354,higher in reference
Unclassified Dehalococcoidia,164,-0.35914170477666696,-1.1446823838699631,0.4263989743166292,-0.2638888888888889,0.19570931842465422,0.4173560163995638,0.4375,0.000154717243236768,0.1111111111111111,0.000140274380152702,higher in reference
Corynebacterium,165,0.9914801862414944,-0.254080914149315,2.2370412866323037,0.2638888888888889,0.19570931842465422,0.4173560163995638,1.0,0.01525627116656149,1.0,0.03047556922334391,higher in disease
Unclassified A4b,166,-0.7036886653191974,-1.7810299387050763,0.37365260806668155,-0.2638888888888889,0.19570931842465422,0.4173560163995638,0.4375,0.0005546817487129766,0.2777777777777778,0.0002401292636819745,higher in reference
Solobacterium,167,-0.5510713546275154,-1.7888084718744919,0.686665762619461,-0.2569444444444444,0.20789684799610975,0.4329146128860168,0.6875,0.00015358623088070558,0.3888888888888889,8.000186396736906e-05,higher in reference
Jeotgalibacillus,168,0.7753590130337311,-0.3261550913220934,1.8768731173895556,0.2569444444444444,0.20789684799610975,0.4329146128860168,0.0625,0.0002986592230607448,0.16666666666666666,0.00044170803750611027,higher in disease
Johnsonella,169,0.896387825153099,-1.0428913668853736,2.8356670171915717,0.2569444444444444,0.20789684799610975,0.4329146128860168,0.8125,0.0014720029356482182,0.7777777777777778,0.0018010113244875605,higher in disease
Unclassified Chloroflexi,170,-0.584059765792154,-1.9454769055991679,0.7773573740148598,-0.2569444444444444,0.20789684799610975,0.4329146128860168,0.625,0.0007773717655257375,0.3888888888888889,0.0008587173987870828,higher in reference
Unclassified Saprospiraceae,171,-0.4405744164650608,-1.6015271297094338,0.7203782967793121,-0.25,0.22062557404953675,0.44885892651457476,0.5,0.0003449935440604084,0.3333333333333333,0.00017457852746567392,higher in reference
Unclassified Sphingobacteriaceae,172,0.037684284405577584,-0.9122753955241087,0.9876439643352639,-0.25,0.22062557404953675,0.44885892651457476,0.3125,5.727915601106483e-05,0.05555555555555555,0.00045736451762276733,higher in disease
Family_XIII_AD3011_group,173,0.8384736435121043,-0.1456599854628805,1.822607272487089,0.25,0.22062557404953675,0.44885892651457476,0.125,4.6585651564686565e-05,0.2222222222222222,0.00020875070425013773,higher in disease
Gemmatimonas,174,-0.2458313505524657,-1.5675833657684706,1.0759206646635393,-0.25,0.22062557404953675,0.44885892651457476,0.625,0.00032524765482990837,0.3333333333333333,0.0007239863208690214,higher in reference
[Ruminococcus]_torques_group,175,-0.2569026458507979,-1.2202895156630056,0.7064842239614098,-0.24305555555555555,0.23390371367256635,0.46258052871557814,0.4375,0.00025226223123105276,0.1111111111111111,0.0002172217355415397,higher in reference
Oscillibacter,176,-0.044927765363413474,-1.0153729789203447,0.9255174481935178,-0.24305555555555555,0.23390371367256635,0.46258052871557814,0.4375,0.00013935777741100975,0.16666666666666666,0.0002870550222748472,higher in reference
Roseburia,177,1.194423377535569,-0.2696287410396019,2.65847549611074,0.24305555555555555,0.23390371367256635,0.46258052871557814,0.5625,0.00020338969270232101,0.5,0.0006120777920442985,higher in disease
Moraxella,178,0.8123034852528327,-0.859543537997599,2.4841505085032645,0.24305555555555555,0.23390371367256635,0.46258052871557814,0.1875,0.0003506918373538816,0.16666666666666666,0.0009788128026059293,higher in disease
Devosia,179,-0.2102945325485318,-1.4528158279827217,1.0322267628856578,-0.24305555555555555,0.23390371367256635,0.46258052871557814,0.4375,0.0003780084560569504,0.2222222222222222,0.0004912441299712487,higher in reference
OM27_clade,180,0.01594445369530262,-0.9558902771922255,0.9877791845828308,-0.2361111111111111,0.24773850319774648,0.4766273376739253,0.4375,6.895251175795635e-05,0.16666666666666666,0.00025541629818226784,higher in disease
Listeria,181,1.9689610078005617,0.16808772484542356,3.7698342907557,0.2361111111111111,0.24773850319774648,0.4766273376739253,0.25,0.0004873507084928149,0.3333333333333333,0.008787580959676668,higher in disease
NK4A214_group,182,-0.2895590911963031,-1.0165060933002774,0.43738791090767126,-0.2361111111111111,0.24773850319774648,0.4766273376739253,0.375,0.00031678587862725264,0.16666666666666666,5.968105853732855e-05,higher in reference
Blastococcus,183,0.8464141549795527,-0.1820025447728093,1.8748308547319148,0.2361111111111111,0.24773850319774648,0.4766273376739253,0.125,0.0002262535571970988,0.2222222222222222,0.00018667922398858338,higher in disease
Unclassified SBR1031,184,0.9205378783214904,-0.339061699006872,2.1801374556498527,0.2361111111111111,0.24773850319774648,0.4766273376739253,0.4375,0.00036501549397968225,0.5555555555555556,0.0005035330123519943,higher in disease
Snodgrassella,185,-0.29125757183127177,-1.4753965543323333,0.8928814106697898,-0.22916666666666666,0.26213613012248116,0.48584392703328966,0.4375,0.00016221760202632024,0.2222222222222222,5.3751408776194434e-05,higher in reference
Unclassified Clostridia,186,-0.09237400062952655,-1.1872424700143263,1.002494468755273,-0.22916666666666666,0.26213613012248116,0.48584392703328966,0.5,0.0003669762167173307,0.2777777777777778,0.00040148898709884133,higher in reference
Unclassified TRA3_20,187,0.026325742329900925,-0.8237897886298258,0.8764412732896276,-0.22916666666666666,0.26213613012248116,0.48584392703328966,0.375,0.00020287833773559934,0.16666666666666666,0.0001079294281169935,higher in disease
Unclassified Saccharimonadaceae,188,1.0255420405513926,-1.0544097121349418,3.105493793237727,0.22916666666666666,0.26213613012248116,0.48584392703328966,0.8125,0.002145344411470098,0.7777777777777778,0.005333203032804944,higher in disease
Oceanivirga,189,0.8619154291155809,-0.7839346655521177,2.5077655237832794,0.22916666666666666,0.26213613012248116,0.48584392703328966,0.125,8.196422642617512e-05,0.1111111111111111,0.0017105687270116228,higher in disease
RB41,190,-0.4956369320015799,-1.7396993868319546,0.7484255228287948,-0.22916666666666666,0.26213613012248116,0.48584392703328966,0.5625,0.0008878378912796639,0.3333333333333333,0.0004357250855416695,higher in reference
Unclassified Subgroup_17,191,-0.26927266564831875,-1.3301947868407695,0.7916494555441319,-0.22916666666666666,0.26213613012248116,0.48584392703328966,0.5,0.0003274991019396371,0.2222222222222222,0.00026226482332479865,higher in reference
Christensenellaceae_R_7_group,192,-0.25142184212688745,-1.4836581381965184,0.9808144539427435,-0.2222222222222222,0.2771016672693848,0.49293462418774986,0.5,0.000679576762204723,0.2777777777777778,0.0006660397183367904,higher in reference
Alloprevotella,193,0.38211652330103574,-0.8236067021278213,1.5878397487298928,0.2222222222222222,0.2771016672693848,0.49293462418774986,1.0,0.012682622511476126,1.0,0.005053444380025526,higher in disease
Unclassified Actinobacteria,194,-0.13849974665621545,-1.3347794390269614,1.0577799457145305,-0.2222222222222222,0.2771016672693848,0.49293462418774986,0.5625,0.00027901689043398185,0.2777777777777778,0.00037941619436724955,higher in reference
Marivita,195,-0.16897324378238898,-1.0910655762326416,0.7531190886678637,-0.2222222222222222,0.2771016672693848,0.49293462418774986,0.25,0.00021302968317614735,0.05555555555555555,0.000122521929711825,higher in reference
Mycoplasma,196,0.5231590330149827,-1.1990175843235817,2.245335650353547,0.2222222222222222,0.2771016672693848,0.49293462418774986,0.8125,0.0009050103391805189,0.6111111111111112,0.0016746298145637042,higher in disease
Massilia,197,-0.40013953137457203,-1.5647035058814533,0.7644244431323094,-0.2222222222222222,0.2771016672693848,0.49293462418774986,0.8125,0.00030756391308799547,0.4444444444444444,0.0004685148828080435,higher in reference
Lachnospiraceae_NK4A136_group,198,-0.08193221064318859,-1.3667516114609732,1.202887190174596,-0.2222222222222222,0.2771016672693848,0.49293462418774986,0.5,0.0005931217281905546,0.2777777777777778,0.0008493450806170186,higher in reference
Blautia,199,1.1840495731906575,-0.192440559668285,2.5605397060496,0.2222222222222222,0.2771016672693848,0.49293462418774986,0.3125,0.0003818930496246519,0.3888888888888889,0.0010780380034478947,higher in disease
Alistipes,200,-0.19325433112854679,-1.495980932602293,1.1094722703451994,-0.2152777777777778,0.2926390096790019,0.5128426209226074,0.4375,0.000787885741691253,0.3333333333333333,0.00114451387574183,higher in reference
Unclassified 67_14,201,-0.239123874311637,-1.380594139392016,0.9023463907687419,-0.2152777777777778,0.2926390096790019,0.5128426209226074,0.5625,0.00042892874153634423,0.3333333333333333,0.0008415094544724541,higher in reference
Actinobacillus,202,1.7047481887921734,-1.1911118680185813,4.600608245602928,0.2152777777777778,0.2926390096790019,0.5128426209226074,0.6875,0.01715916404579867,0.6666666666666666,0.05103229270980492,higher in disease
Prevotella,203,0.26035879745491375,-1.4048504150689245,1.925568009978752,0.20833333333333334,0.30875081472695576,0.5254701366026073,1.0,0.009634975731550855,0.8888888888888888,0.013530897488075875,higher in disease
Comamonas,204,1.1030531970042197,-0.6703908103777754,2.8764972043862147,0.20833333333333334,0.30875081472695576,0.5254701366026073,0.75,0.0005402476464456967,0.7777777777777778,0.0014419751250192676,higher in disease
Cetobacterium,205,-0.38111616097929424,-1.485137143630066,0.7229048216714776,-0.20833333333333334,0.30875081472695576,0.5254701366026073,0.375,0.0004008954623859347,0.2222222222222222,0.0003574704345632124,higher in reference
Eikenella,206,0.6981322978107922,-1.153115676631282,2.5493802722528667,0.20833333333333334,0.30875081472695576,0.5254701366026073,0.6875,0.00036295563858896663,0.6666666666666666,0.0003531794935403345,higher in disease
Aerococcus,207,0.09998090283655658,-0.8552854390540667,1.05524724472718,-0.20833333333333334,0.30875081472695576,0.5254701366026073,0.4375,4.552286935400902e-05,0.1111111111111111,0.00041399893901115226,higher in disease
Bacteroides,208,0.9574237692542833,-0.5234935248912365,2.438341063399803,0.20833333333333334,0.30875081472695576,0.5254701366026073,0.75,0.0023738823713178488,0.8333333333333334,0.00405585436994811,higher in disease
Actinomyces,209,0.169875617054295,-1.613882197379932,1.953633431488522,0.2013888888888889,0.32543844595354465,0.5459962552964683,1.0,0.02577383870712233,0.8888888888888888,0.035530919937652075,higher in disease
Stenotrophobacter,210,-0.17528595622722243,-0.9933852287311892,0.6428133162767443,-0.2013888888888889,0.32543844595354465,0.5459962552964683,0.375,0.00017804833957892546,0.16666666666666666,8.171389381515544e-05,higher in reference
Brevundimonas,211,-0.3971695264876781,-1.8373332062365524,1.042994153261196,-0.2013888888888889,0.32543844595354465,0.5459962552964683,0.625,0.001212771966351584,0.4444444444444444,0.00126811849254094,higher in reference
Atopobium,212,-0.36712604831034784,-1.800114362834175,1.0658622662134793,-0.19444444444444445,0.3427019210854506,0.5616503706678219,0.6875,0.00024356036531501674,0.3888888888888889,0.00014766084294540248,higher in reference
Enhydrobacter,213,-0.2785785838959507,-1.4568901847931073,0.8997330170012059,-0.19444444444444445,0.3427019210854506,0.5616503706678219,0.5625,9.357430493035463e-05,0.2222222222222222,0.000123642849457965,higher in reference
Unclassified Vicinamibacterales,214,0.48115554560444695,-0.9483790166045538,1.9106901078134477,0.19444444444444445,0.3427019210854506,0.5616503706678219,0.75,0.0027396055916542083,0.7222222222222222,0.0024462917498886184,higher in disease
Clostridium_sensu_stricto_1,215,-0.35508678166606944,-1.418231485374507,0.7080579220423682,-0.19444444444444445,0.3427019210854506,0.5616503706678219,0.5625,0.00011169625412512463,0.2222222222222222,0.00010965697984690691,higher in reference
Unclassified [Eubacterium]_coprostanoligenes_group,216,-0.06378419051127104,-1.1904445456981858,1.0628761646756437,-0.19444444444444445,0.3427019210854506,0.5616503706678219,0.4375,0.0003905032616345662,0.2777777777777778,0.00035774069857835293,higher in reference
Unclassified Lactobacillales,217,0.8547042468367503,-0.17733137794920495,1.8867398716227055,0.1875,0.36053986471650135,0.585463817016704,0.125,4.674116570690131e-05,0.16666666666666666,0.0001879102406269462,higher in disease
Aggregatibacter,218,0.6800495555361703,-1.4079971605959702,2.768096271668311,0.1875,0.36053986471650135,0.585463817016704,0.9375,0.020109189525482817,0.8888888888888888,0.017246143299494456,higher in disease
Luteimonas,219,-0.404382425597272,-1.3980927560308052,0.5893279048362611,-0.18055555555555555,0.378949466097278,0.598875495528734,0.5,0.0003526780275351405,0.3333333333333333,0.00021432619281870388,higher in reference
Luteolibacter,220,0.09189078175803644,-0.7432340140101708,0.9270155775262436,-0.18055555555555555,0.378949466097278,0.598875495528734,0.4375,0.00011997734144981592,0.2777777777777778,0.0001700722094544276,higher in disease
Unclassified Actinobacteriota,221,-0.0772301577509773,-1.1182564385116347,0.9637961230096801,-0.18055555555555555,0.378949466097278,0.598875495528734,0.5625,0.0001465877139894619,0.3333333333333333,0.0002232542324633027,higher in reference
Akkermansia,222,-0.40655056585209726,-1.5609011350949062,0.7478000033907118,-0.18055555555555555,0.378949466097278,0.598875495528734,0.5,0.0008058451450045583,0.3888888888888889,0.0003584386516460874,higher in reference
Granulicatella,223,0.15059389843853976,-1.6594124029274744,1.960600199804554,0.18055555555555555,0.378949466097278,0.598875495528734,1.0,0.006760165613477741,0.8333333333333334,0.007658077300356071,higher in disease
28_4,224,0.06522721889982697,-1.1130774672285852,1.243531905028239,-0.18055555555555555,0.378949466097278,0.598875495528734,0.4375,0.00027210435684665786,0.2222222222222222,0.0004042208342766048,higher in disease
Unclassified Sphingomonadaceae,225,-0.05077520344226616,-0.9232993145089102,0.8217489076243779,-0.1736111111111111,0.39792644246181264,0.6124606983977464,0.375,0.00012431098310222477,0.16666666666666666,8.269936958402937e-05,higher in reference
Unclassified Nitrososphaeraceae,226,0.08513774394502527,-0.8120825825013179,0.9823580703913685,-0.1736111111111111,0.39792644246181264,0.6124606983977464,0.375,0.0001699558643117514,0.2222222222222222,0.00022961651385145786,higher in disease
Unclassified Steroidobacteraceae,227,-0.35489266464929603,-1.3847618603629852,0.6749765310643931,-0.1736111111111111,0.39792644246181264,0.6124606983977464,0.4375,0.0002523552149026282,0.2222222222222222,0.000247580664916471,higher in reference
[Eubacterium]_fissicatena_group,228,0.9729149688980856,0.08161074949611413,1.8642191883000572,0.1736111111111111,0.39792644246181264,0.6124606983977464,0.125,2.3099008874263754e-05,0.16666666666666666,0.0002525049435983292,higher in disease
Unclassified F082,229,0.24576524163186386,-0.9499724380775825,1.4415029213413102,-0.1736111111111111,0.39792644246181264,0.6124606983977464,0.5,0.00011877260502048023,0.2777777777777778,0.0005654426716889375,higher in disease
Dubosiella,230,-0.03639229929749216,-1.3139568472767942,1.24117224868181,-0.1736111111111111,0.39792644246181264,0.6124606983977464,0.5,0.00032087909642618,0.2777777777777778,0.0009062120603675904,higher in reference
Unclassified Alphaproteobacteria,231,-0.41342805034675756,-1.7004813954961262,0.8736252948026111,-0.16666666666666666,0.41746500829370525,0.6235553288437623,0.6875,0.0006385161564969259,0.5555555555555556,0.0002865623784209495,higher in reference
Methylophilus,232,-0.7797840232111789,-1.864522867670082,0.30495482124772433,-0.16666666666666666,0.41746500829370525,0.6235553288437623,0.5,0.00026111126123445775,0.16666666666666666,5.14125115421545e-06,higher in reference
Cupriavidus,233,-0.4346089964390183,-1.4450931762046832,0.5758751833266467,-0.16666666666666666,0.41746500829370525,0.6235553288437623,0.25,0.0004521509910448213,0.05555555555555555,5.693334244266812e-06,higher in reference
Unclassified Anaerolineaceae,234,-0.13787987597971527,-1.4688385084650986,1.193078756505668,-0.16666666666666666,0.41746500829370525,0.6235553288437623,0.5625,0.00041848203843303114,0.3888888888888889,0.0009469114970177166,higher in reference
Unclassified Thermoactinomycetaceae,235,0.7648584958295608,-0.26619948504954616,1.7959164767086677,0.16666666666666666,0.41746500829370525,0.6235553288437623,0.125,2.4401772072986936e-05,0.1111111111111111,0.00028337097974245613,higher in disease
Candidatus_Koribacter,236,-0.10528879533364001,-1.42342410510378,1.2128465144364997,-0.16666666666666666,0.41746500829370525,0.6235553288437623,0.625,0.0005376228101791556,0.4444444444444444,0.00037890272984576127,higher in reference
Altererythrobacter,237,0.6533786758884904,-0.6891063133022203,1.995863665079201,0.16666666666666666,0.41746500829370525,0.6235553288437623,0.25,0.0002733803054502062,0.2777777777777778,0.0002847471108492374,higher in disease
TM7a,238,0.488705131184187,-0.9951118399008936,1.9725221022692676,0.1597222222222222,0.4375578509038419,0.6427198307882159,0.875,0.000586793962618311,0.7777777777777778,0.0007419550521120942,higher in disease
Unclassified Rokubacteriales,239,-0.30676213312513356,-1.583929453517636,0.9704051872673689,-0.1597222222222222,0.4375578509038419,0.6427198307882159,0.5,0.0007350758590486925,0.3888888888888889,0.0005422847010916802,higher in reference
Lactococcus,240,0.16468079252954282,-0.6823593557409667,1.0117209408000525,-0.1597222222222222,0.4375578509038419,0.6427198307882159,0.3125,7.380922787329449e-05,0.16666666666666666,0.00015275296616357954,higher in disease
CL500_29_marine_group,241,-0.2003292168879821,-1.2973338263042336,0.8966753925282694,-0.1597222222222222,0.4375578509038419,0.6427198307882159,0.375,0.00024558756689229875,0.2222222222222222,5.4102800989361926e-05,higher in reference
Unclassified Simkaniaceae,242,0.1307728202910714,-0.7024589000423997,0.9640045406245425,-0.1527777777777778,0.4581961126576446,0.6620466280849232,0.3125,3.2227859580712566e-05,0.05555555555555555,0.00022230669876775397,higher in disease
Unclassified env.OPS_17,243,0.15813760676233435,-0.7617586041957319,1.0780338177204007,-0.1527777777777778,0.4581961126576446,0.6620466280849232,0.375,0.00019435337118118093,0.1111111111111111,0.0006019250435460461,higher in disease
Limosilactobacillus,244,0.851682641159786,-1.0934504426808003,2.7968157250003722,0.1527777777777778,0.4581961126576446,0.6620466280849232,0.6875,0.00214201812840224,0.5555555555555556,0.017154959208055764,higher in disease
Microvirga,245,-0.2692118306277601,-1.137005398406421,0.5985817371509008,-0.1527777777777778,0.4581961126576446,0.6620466280849232,0.4375,0.00044489123615355395,0.2222222222222222,7.711684954318375e-05,higher in reference
P3OB_42,246,-0.017489746375227933,-1.0279851844604384,0.9930056917099825,-0.14583333333333334,0.47936938015165176,0.6787870422947389,0.5,0.00015684954554447705,0.2777777777777778,0.0003197252330680762,higher in reference
Gemella,247,-0.31647268798955164,-2.2186632147421865,1.5857178387630833,0.14583333333333334,0.47936938015165176,0.6787870422947389,1.0,0.014082832431989555,0.8333333333333334,0.01769887463199321,higher in reference
Megasphaera,248,-0.19257071133995773,-1.754139233272843,1.3689978105929275,-0.14583333333333334,0.47936938015165176,0.6787870422947389,0.5625,0.0003439159823992263,0.3333333333333333,0.0001443588689037816,higher in reference
Sphingomonas,249,-0.6291798116585154,-1.7150553136605158,0.4566956903434849,-0.14583333333333334,0.47936938015165176,0.6787870422947389,0.875,0.0014092071076388978,0.7777777777777778,0.0007828027607659513,higher in reference
Oceanobacillus,250,0.003913397358058512,-1.0092507563835693,1.0170775510996863,-0.14583333333333334,0.47936938015165176,0.6787870422947389,0.3125,4.627634995022903e-05,0.05555555555555555,0.0002707477607617951,higher in disease
Ellin6067,251,0.5756568661559688,-0.5526864936344081,1.7040002259463458,0.1388888888888889,0.5010656805974567,0.7038779798869035,0.5,0.0003571692390018792,0.5555555555555556,0.0002021370484252821,higher in disease
Unclassified Limnochordaceae,252,0.9368306700866662,-0.193460153629732,2.0671214938030644,0.1388888888888889,0.5010656805974567,0.7038779798869035,0.25,5.2919247549008174e-05,0.2222222222222222,0.004559805198644889,higher in disease
Unclassified Peptococcaceae,253,0.16568164816315134,-0.848046109902173,1.1794094062284757,-0.13194444444444445,0.5232714856259304,0.7152050421296501,0.3125,5.707819350306589e-05,0.1111111111111111,0.0007807762132131225,higher in disease
Bryobacter,254,0.30265048395776967,-0.8641576358730869,1.4694586037886264,0.13194444444444445,0.5232714856259304,0.7152050421296501,0.625,0.0006485785151811091,0.6666666666666666,0.00038705505928140403,higher in disease
Paucibacter,255,-0.19130467136109885,-1.105012396808319,0.7224030540861214,-0.13194444444444445,0.5232714856259304,0.7152050421296501,0.9375,0.002145117708358452,1.0,0.0012630988341902011,higher in reference
Methyloceanibacter,256,0.8379334591883025,-0.21920979648680117,1.8950767148634062,0.13194444444444445,0.5232714856259304,0.7152050421296501,0.125,5.063081309999965e-05,0.16666666666666666,0.0003547215640516645,higher in disease
Paenibacillus,257,0.33905248720509906,-0.7928799377403359,1.470984912150534,0.13194444444444445,0.5232714856259304,0.7152050421296501,0.9375,0.0018881853874149735,0.9444444444444444,0.0016056457678978889,higher in disease
Olsenella,258,0.340491779645521,-0.7886973488324501,1.4696809081234923,0.13194444444444445,0.5232714856259304,0.7152050421296501,0.8125,0.00023871696672878216,0.7222222222222222,0.00041989869961270196,higher in disease
Unclassified IMCC26256,259,0.06401964053088091,-1.1584161636749966,1.2864554447367582,-0.13194444444444445,0.5232714856259304,0.7152050421296501,0.5625,0.00043180639152438205,0.3333333333333333,0.0005551934926910703,higher in disease
Sphingobium,260,0.19820868821249982,-0.9360245169173309,1.3324418933423305,-0.125,0.5459717226765591,0.7348820905988667,0.4375,0.00011733758641448928,0.2777777777777778,0.00036990847394095393,higher in disease
Intestinimonas,261,0.2748003573082429,-0.6155956275066328,1.1651963421231186,0.125,0.5459717226765591,0.7348820905988667,0.1875,0.00016451344939725184,0.16666666666666666,5.2795613158447876e-05,higher in disease
Unclassified Desulfobacterota,262,0.7228505971376564,-0.23739932780188955,1.6831005220772024,0.125,0.5459717226765591,0.7348820905988667,0.125,1.957889711142164e-05,0.1111111111111111,0.00022603127816655283,higher in disease
Haemophilus,263,-1.0163424565577648,-3.0044166323568207,0.9717317192412911,-0.125,0.5459717226765591,0.7348820905988667,1.0,0.18995071240051215,0.8888888888888888,0.12495522810673,higher in reference
Unclassified Gemmatimonadaceae,264,0.12819649501154773,-1.219116206928513,1.4755091969516085,0.11805555555555555,0.5691497940860235,0.7462186189127864,0.6875,0.0014697406209270843,0.6111111111111112,0.001099735120799755,higher in disease
Rothia,265,-0.8825679381057796,-2.8988203541670257,1.1336844779554665,-0.11805555555555555,0.5691497940860235,0.7462186189127864,1.0,0.042552274036182176,0.8333333333333334,0.023268497292947044,higher in reference
Unclassified Elsterales,266,0.549981732428584,-0.9200783848035831,2.020041849660751,0.11805555555555555,0.5691497940860235,0.7462186189127864,0.625,0.0005773610757195089,0.6111111111111112,0.0003849207313146378,higher in disease
Pedobacter,267,0.7953626868542132,-0.23156844186313608,1.8222938155715624,0.11805555555555555,0.5691497940860235,0.7462186189127864,0.3125,4.953082146338182e-05,0.2777777777777778,0.0002055603113393673,higher in disease
Capnocytophaga,268,0.294683143291949,-1.5571600497808433,2.146526336364741,0.11805555555555555,0.5691497940860235,0.7462186189127864,1.0,0.014033694477317404,0.8888888888888888,0.015645821504291307,higher in disease
Unclassified NS11_12_marine_group,269,-0.07477410911519367,-0.8377012730484119,0.6881530548180246,-0.11805555555555555,0.5691497940860235,0.7462186189127864,0.375,0.0001662826122527386,0.2222222222222222,7.288177237378938e-05,higher in reference
Ilumatobacter,270,-0.06912800722819568,-1.076057652504875,0.9378016380484837,-0.11805555555555555,0.5691497940860235,0.7462186189127864,0.4375,0.0002211038034005036,0.16666666666666666,0.0003102249734878658,higher in reference
Unclassified Bacteria,271,-0.19807321028934055,-1.084851804392888,0.688705383814207,-0.1111111111111111,0.5927876039372726,0.7686696402703095,1.0,0.0662551009838057,1.0,0.013369982920084185,higher in reference
Neisseria,272,-0.24905637508549816,-2.078378297707762,1.5802655475367655,-0.1111111111111111,0.5927876039372726,0.7686696402703095,1.0,0.08487396968138773,1.0,0.05478988028727552,higher in reference
Lachnoclostridium,273,0.23110999475588362,-0.9518942137638999,1.4141142032756673,-0.1111111111111111,0.5927876039372726,0.7686696402703095,0.375,0.000416051632108987,0.2777777777777778,0.0006828828779957619,higher in disease
Dietzia,274,-0.3907956785815905,-1.9187928039023674,1.1372014467391864,-0.10416666666666667,0.6168655926757294,0.7855051072201734,0.4375,0.0001998992261519475,0.16666666666666666,0.00018071380008978697,higher in reference
Unclassified Candidatus_Adlerbacteria_bacterium_GW2011_GWC1_50_9,275,0.7407048352932832,-0.20367954250259657,1.685089213089163,0.10416666666666667,0.6168655926757294,0.7855051072201734,0.1875,1.2883110249001258e-05,0.1111111111111111,0.0002402763135128324,higher in disease
Novosphingobium,276,0.05943008851260689,-1.0331516662443063,1.15201184326952,-0.10416666666666667,0.6168655926757294,0.7855051072201734,0.5,0.0001326269853026267,0.2777777777777778,0.0001467084531520564,higher in disease
Peptostreptococcus,277,0.3856506669839883,-1.3109591539699856,2.0822604879379623,0.10416666666666667,0.6168655926757294,0.7855051072201734,0.8125,0.0006107164288006047,0.7222222222222222,0.0007731209424415961,higher in disease
Abiotrophia,278,0.4133823815744857,-1.295675676937462,2.122440440086433,0.10416666666666667,0.6168655926757294,0.7855051072201734,0.3125,0.00023531779088122474,0.2222222222222222,0.00024561051971922176,higher in disease
Sodalis,279,0.662595123054378,-0.9001546787215743,2.2253449248303303,0.09722222222222222,0.6413627794434322,0.7994451546583627,0.375,0.0002755507485538176,0.3888888888888889,0.00025759373497074114,higher in disease
Oribacterium,280,0.05569153399215554,-1.5241607508937887,1.6355438188780997,0.09722222222222222,0.6413627794434322,0.7994451546583627,0.875,0.0005730907040339438,0.7222222222222222,0.0008897337836351799,higher in disease
Prochlorococcus_MIT9313,281,0.8223454039610187,-0.18134128492881652,1.826032092850854,0.09722222222222222,0.6413627794434322,0.7994451546583627,0.125,1.60174005744182e-05,0.1111111111111111,0.00028869713730772815,higher in disease
Unclassified Enterobacteriaceae,282,0.8525800691608897,-0.24049205053374012,1.9456521888555196,0.09722222222222222,0.6413627794434322,0.7994451546583627,0.1875,2.9280195344959187e-05,0.16666666666666666,0.0006333945771380173,higher in disease
Unclassified Clostridia_UCG_014,283,-0.18850793186387205,-1.3053546403769845,0.9283387766492404,-0.09722222222222222,0.6413627794434322,0.7994451546583627,0.8125,0.0008432411323515668,0.6666666666666666,0.000614123693311932,higher in reference
Unclassified B1_7BS,284,0.22721548731150976,-0.7581745218684172,1.2126054964914368,-0.09722222222222222,0.6413627794434322,0.7994451546583627,0.1875,6.673688720794442e-05,0.05555555555555555,0.0002476600396256063,higher in disease
Bifidobacterium,285,-0.17186343822342043,-1.5353318477811713,1.1916049713343306,-0.09027777777777778,0.6662568120253349,0.8104979775153559,0.625,0.0005431270285469041,0.4444444444444444,0.0011129025538201111,higher in reference
Unclassified Vicinamibacteraceae,286,-0.08379630586714149,-1.588899269372213,1.4213066576379298,-0.09027777777777778,0.6662568120253349,0.8104979775153559,0.5625,0.0016222372743386212,0.5,0.001434618114471104,higher in reference
Ohtaekwangia,287,0.7209214733589321,-0.45519329788490637,1.8970362446027704,0.09027777777777778,0.6662568120253349,0.8104979775153559,0.25,8.271130525061367e-05,0.2222222222222222,0.00039905431689887555,higher in disease
Unclassified Muribaculaceae,288,-0.24465436582029954,-1.9370921850193588,1.4477834533787597,-0.09027777777777778,0.6662568120253349,0.8104979775153559,0.6875,0.0024816113149199914,0.5555555555555556,0.00616843098757299,higher in reference
Unclassified MWH_UniP1_aquatic_group,289,0.3130116562437564,-0.7481720502485361,1.3741953627360488,0.09027777777777778,0.6662568120253349,0.8104979775153559,0.25,0.00023681799546845008,0.1111111111111111,0.0003961668794879303,higher in disease
Methylocystis,290,0.65244222640784,-0.43174059841140955,1.7366250512270895,0.09027777777777778,0.6662568120253349,0.8104979775153559,0.1875,4.203914672787737e-05,0.16666666666666666,0.000197798105346716,higher in disease
Serratia,291,0.05794836793116165,-0.9934462073995904,1.1093429432619137,-0.09027777777777778,0.6662568120253349,0.8104979775153559,0.3125,0.00028832220497248086,0.2222222222222222,0.00015554715141907072,higher in disease
Unclassified Rhizobiales,292,0.16007203301464734,-1.0201962819081616,1.340340347937456,-0.08333333333333333,0.6915240242452287,0.8242407561710807,0.5,0.00018856539174289194,0.2777777777777778,0.00031533587493922196,higher in disease
Pseudopropionibacterium,293,0.4321881778565131,-1.4352846614548243,2.2996610171678507,0.08333333333333333,0.6915240242452287,0.8242407561710807,0.75,0.0005431261703215137,0.6111111111111112,0.000554954566913899,higher in disease
Methanoculleus,294,0.6832797493729799,-0.7498597424032449,2.1164192411492047,0.08333333333333333,0.6915240242452287,0.8242407561710807,0.5625,0.00021312635997739992,0.6111111111111112,0.00016096788074028488,higher in disease
Commensalibacter,295,0.48613855860728505,-0.9469747385709284,1.9192518557854985,0.08333333333333333,0.6915240242452287,0.8242407561710807,0.3125,0.0001550929915989784,0.2777777777777778,0.0002892151205238321,higher in disease
Unclassified Lachnospiraceae,296,0.27096764901124143,-1.0625267286125215,1.6044620266350043,0.08333333333333333,0.6915240242452287,0.8242407561710807,0.625,0.0005900672299596365,0.5,0.0007835842399678833,higher in disease
Unclassified RBG_13_54_9,297,0.03467856486654708,-0.6552589801316613,0.7246161098647554,-0.08333333333333333,0.6915240242452287,0.8242407561710807,0.375,0.00011023693997931049,0.16666666666666666,9.688242822548799e-05,higher in disease
Micromonospora,298,0.05463245133581074,-1.0804164678870876,1.189681370558709,-0.0763888888888889,0.7171395005923142,0.8519039705022794,0.375,0.000147013776673129,0.2222222222222222,8.801700974555265e-05,higher in disease
Unclassified Acidobacteriales,299,0.06888955345929976,-1.3751563193969503,1.5129354263155497,-0.06944444444444445,0.7430771478039212,0.8568381443732511,0.6875,0.0005892479732053462,0.5,0.0004968496630363241,higher in disease
Phenylobacterium,300,0.5034521188736572,-0.48427098919293365,1.491175226940248,0.06944444444444445,0.7430771478039212,0.8568381443732511,0.4375,0.00018844513217808096,0.4444444444444444,0.0001434501929287881,higher in disease
Streptococcus,301,-0.07477978380332395,-1.4152968218946465,1.2657372542879985,0.06944444444444445,0.7430771478039212,0.8568381443732511,1.0,0.11786207960805567,1.0,0.11372993575569487,higher in reference
Lautropia,302,-0.38097887541609854,-2.533845174697552,1.7718874238653548,-0.06944444444444445,0.7430771478039212,0.8568381443732511,0.9375,0.04980055659358657,0.8888888888888888,0.020910222224106337,higher in reference
Unclassified Woesearchaeales,303,-0.03228824145227782,-0.7317754899677246,0.6671990070631689,0.06944444444444445,0.7430771478039212,0.8568381443732511,0.4375,0.00021674904779873694,0.3333333333333333,2.908950381862947e-05,higher in reference
Unclassified SR1_bacterium_oral_taxon_875,304,-0.3605683473342337,-2.0420983156716557,1.320961621003188,-0.06944444444444445,0.7430771478039212,0.8568381443732511,0.375,0.001091992662872546,0.2222222222222222,6.938184379259238e-05,higher in reference
Unclassified S085,305,0.4492187327163306,-0.4741733469679025,1.3726108124005636,-0.06944444444444445,0.7430771478039212,0.8568381443732511,0.1875,5.8927717250539005e-05,0.16666666666666666,0.00037256974104845497,higher in disease
Flavisolibacter,306,0.16898477181435367,-0.6767332967812507,1.014702840409958,-0.06944444444444445,0.7430771478039212,0.8568381443732511,0.3125,0.00017144987590103275,0.2222222222222222,0.00015093102015808,higher in disease
Collinsella,307,0.3570532474098161,-0.8692427408396575,1.5833492356592895,-0.06944444444444445,0.7430771478039212,0.8568381443732511,0.5,0.00011629101830080135,0.2777777777777778,0.000739112577291314,higher in disease
Unclassified Sporichthyaceae,308,-0.12872216363213485,-1.4861296080958106,1.2286852808315407,-0.0625,0.769309773075766,0.8700819797725916,0.4375,0.0003008142458360927,0.3888888888888889,7.498261361642099e-05,higher in reference
Unclassified SAR202_clade,309,0.7983403807381851,-0.29331096797933076,1.889991729455701,0.0625,0.769309773075766,0.8700819797725916,0.4375,7.413732466984263e-05,0.3333333333333333,0.00034615618443177933,higher in disease
Candidatus_Saccharimonas,310,-0.34517015137124263,-1.671063504701507,0.9807232019590217,0.0625,0.769309773075766,0.8700819797725916,0.9375,0.0006162127065478903,0.7222222222222222,0.00039315261534850985,higher in reference
Ensifer,311,0.5045169818937583,-0.5236529587936929,1.5326869225812094,0.0625,0.769309773075766,0.8700819797725916,0.3125,6.501209204620109e-05,0.2222222222222222,0.0001494866684646157,higher in disease
Pseudomonas,312,0.09014822302160574,-1.3252816711819742,1.5055781172251856,-0.0625,0.769309773075766,0.8700819797725916,0.9375,0.0018782505310080435,0.8333333333333334,0.008163808895404035,higher in disease
Bergeyella,313,-0.35170448072168403,-2.0257095752084338,1.322300613765066,-0.0625,0.769309773075766,0.8700819797725916,1.0,0.00783494854619363,0.8333333333333334,0.004723533002052391,higher in reference
Exiguobacterium,314,0.3371979284283926,-0.8177530269774682,1.4921488838342534,0.05555555555555555,0.7958091685190174,0.880363892674163,0.25,0.0001246559190355761,0.16666666666666666,0.00015630077067991065,higher in disease
Unclassified Saccharimonadales,315,-0.515993907428681,-1.948281262247799,0.9162934473904369,-0.05555555555555555,0.7958091685190174,0.880363892674163,0.9375,0.0010856037711010696,0.7222222222222222,0.0012013227751178754,higher in reference
Escherichia_Shigella,316,0.9914444229781543,-0.7239903467766675,2.706879192732976,0.05555555555555555,0.7958091685190174,0.880363892674163,0.6875,0.002563623719745187,0.8333333333333334,0.01522914012899965,higher in disease
Enterococcus,317,1.0433651718406582,-0.6588089461661089,2.745539289847425,-0.05555555555555555,0.7958091685190174,0.880363892674163,0.5,0.0005334688344610607,0.3333333333333333,0.006836940573191172,higher in disease
Unclassified Thermodesulfovibrionia,318,0.5568755312743519,-0.4094382189502581,1.5231892814989618,-0.05555555555555555,0.7958091685190174,0.880363892674163,0.25,2.805726412936401e-05,0.1111111111111111,0.000424280002415408,higher in disease
Methyloversatilis,319,0.08792154213388326,-1.228920270183831,1.4047633544515976,0.05555555555555555,0.7958091685190174,0.880363892674163,0.9375,0.0012760932500267591,0.8888888888888888,0.000969028500507557,higher in disease
Solirubrobacter,320,0.3685368724966033,-0.6474994471162415,1.384573192109448,-0.05555555555555555,0.7958091685190174,0.880363892674163,0.375,0.00016120234233379103,0.2777777777777778,0.00035570058297308417,higher in disease
Parabacteroides,321,0.47132196613626975,-0.9122070607233048,1.8548509929958443,0.04861111111111111,0.8225462014338153,0.8987078867517613,0.4375,0.0008723849232156968,0.3888888888888889,0.0016214456818422925,higher in disease
Adhaeribacter,322,0.5247837434723628,-0.4474903108414715,1.497057797786197,0.04861111111111111,0.8225462014338153,0.8987078867517613,0.25,8.761990065542061e-05,0.1111111111111111,0.00029147672997620745,higher in disease
Cutibacterium,323,0.5962446486538172,-0.6746525640324353,1.8671418613400697,0.04861111111111111,0.8225462014338153,0.8987078867517613,0.4375,0.00010829287762544287,0.3333333333333333,0.0003988959405732935,higher in disease
Unclassified Clostridia_vadinBB60_group,324,0.5839716848698465,-0.5062319619114003,1.6741753316510932,-0.04861111111111111,0.8225462014338153,0.8987078867517613,0.4375,0.0001468541857247619,0.2222222222222222,0.0006701701790138815,higher in disease
Lysobacter,325,0.39540658403597,-0.830672280039416,1.6214854481113559,0.041666666666666664,0.8494909099222699,0.9168286040014744,0.625,0.0003087354291078602,0.5,0.0007020350624578122,higher in disease
MND1,326,0.16537958316810997,-1.0143466588376497,1.3451058251738697,0.041666666666666664,0.8494909099222699,0.9168286040014744,0.5,0.0007153774933133654,0.4444444444444444,0.000351851565282984,higher in disease
Unclassified Subgroup_2,327,-0.0006303743895971388,-1.3062827427386614,1.305021993959467,-0.041666666666666664,0.8494909099222699,0.9168286040014744,0.4375,0.000760841906070152,0.5,0.0004485137082759703,higher in reference
Bdellovibrio,328,0.25708114752024747,-0.64746886965794,1.161631164698435,-0.041666666666666664,0.8494909099222699,0.9168286040014744,0.5,8.574598846423016e-05,0.3333333333333333,0.00012098624685363939,higher in disease
Stomatobaculum,329,0.25265919982063356,-1.3690539844461311,1.8743723840873983,0.034722222222222224,0.8766126033208463,0.9347013902878905,0.4375,0.00028432042073061985,0.4444444444444444,0.0001257525168356346,higher in disease
Bacillus,330,0.7327230767818358,-0.9886453930071133,2.454091546570785,0.034722222222222224,0.8766126033208463,0.9347013902878905,0.8125,0.002242418327835419,0.7222222222222222,0.0164604871607026,higher in disease
Unclassified Gemmataceae,331,-0.061846732049630454,-1.3279758319217754,1.2042823678225143,-0.034722222222222224,0.8766126033208463,0.9347013902878905,0.5,0.0007140919988078834,0.5,0.0003145353562717906,higher in reference
Unclassified Ilumatobacteraceae,332,0.3017144899896562,-0.7135732882133607,1.3170022681926732,-0.034722222222222224,0.8766126033208463,0.9347013902878905,0.3125,0.0001331194320995472,0.16666666666666666,0.00025238370249629905,higher in disease
Unclassified Propionibacteriaceae,333,-0.07324771448833811,-1.521318391754193,1.3748229627775168,0.027777777777777776,0.9038799668928443,0.9551448008360205,0.3125,0.0003314359304897843,0.2222222222222222,5.251081911365698e-05,higher in reference
[Eubacterium]_eligens_group,334,0.5045335913253406,-0.420643377649357,1.4297105603000382,0.027777777777777776,0.9038799668928443,0.9551448008360205,0.1875,3.1510199103313645e-05,0.1111111111111111,0.0002595212054668775,higher in disease
Butyricimonas,335,0.14722206641697078,-0.6153183397963299,0.9097624726302714,-0.027777777777777776,0.9038799668928443,0.9551448008360205,0.25,0.0001159414124840143,0.05555555555555555,0.00011481075931038146,higher in disease
Rubrobacter,336,0.633451800607145,-0.4044709389072325,1.6713745401215225,0.020833333333333332,0.9312611701868386,0.9555549398438865,0.3125,5.07958827545244e-05,0.16666666666666666,0.000453458108960363,higher in disease
Veillonella,337,-0.6017604806356172,-2.63716717666814,1.4336462153969056,-0.020833333333333332,0.9312611701868386,0.9555549398438865,1.0,0.0315022035948068,0.8333333333333334,0.031517310906815824,higher in reference
Prevotellaceae_UCG_004,338,0.27036976876607133,-0.6063064529126639,1.1470459904448065,0.020833333333333332,0.9312611701868386,0.9555549398438865,0.25,0.00042281360966301573,0.2777777777777778,7.535170077955617e-05,higher in disease
Staphylococcus,339,0.5961120743275465,-1.2421945296925287,2.4344186783476216,0.020833333333333332,0.9312611701868386,0.9555549398438865,0.6875,0.0016790956490384458,0.6111111111111112,0.011342828947750315,higher in disease
Odoribacter,340,0.4771196254670832,-0.4613924463974781,1.4156316973316445,-0.020833333333333332,0.9312611701868386,0.9555549398438865,0.375,0.0001150336340930129,0.2777777777777778,0.00024045870185421687,higher in disease
Lactobacillus,341,-0.4493709747274224,-1.8985707041320845,0.9998287546772398,-0.020833333333333332,0.9312611701868386,0.9555549398438865,0.9375,0.004360272496830935,0.7222222222222222,0.0031445473116981978,higher in reference
Ligilactobacillus,342,0.31683030556944325,-1.0384817581548513,1.6721423692937378,0.020833333333333332,0.9312611701868386,0.9555549398438865,0.5625,0.0008530486020616245,0.5555555555555556,0.0007603224492110532,higher in disease
Cardiobacterium,343,-0.4075461984963713,-2.1666919837376915,1.351599586744949,0.020833333333333332,0.9312611701868386,0.9555549398438865,1.0,0.003150294556554075,0.7777777777777778,0.004374796351993105,higher in reference
Cyanobium_PCC_6307,344,0.3673568427750995,-0.6012782122295317,1.3359918977797307,-0.020833333333333332,0.9312611701868386,0.9555549398438865,0.1875,1.991774497950627e-05,0.05555555555555555,0.0001989644953971398,higher in disease
Arthrobacter,345,0.3632156528580075,-0.6081055737033162,1.334536879419331,-0.020833333333333332,0.9312611701868386,0.9555549398438865,0.3125,0.00010585403965513323,0.2222222222222222,0.00016001784273120105,higher in disease
Candidatus_Alysiosphaera,346,0.04903979627617017,-0.5756459720170517,0.673725564569392,0.013888888888888888,0.9587239784368091,0.975253702202961,0.375,0.00018587245873439635,0.2222222222222222,5.094726981050021e-05,higher in disease
Kingella,347,-0.4669904005879788,-2.5106987419948763,1.5767179408189187,0.013888888888888888,0.9587239784368091,0.975253702202961,0.875,0.0032658080368413904,0.6666666666666666,0.0017672117055609919,higher in reference
Unclassified UCG_010,348,0.28742598696953114,-0.8572134268132406,1.432065400752303,-0.013888888888888888,0.9587239784368091,0.975253702202961,0.4375,0.00012280561897479462,0.2222222222222222,0.0005698241992017968,higher in disease
Unclassified Absconditabacteriales__SR1,349,0.09430739828696866,-1.6230562828118185,1.8116710793857558,-0.006944444444444444,0.9862358663545844,0.991839479231599,0.6875,0.0006230175298259109,0.5555555555555556,0.00045136662967664175,higher in disease
Unclassified candidate_division_SR1_bacterium_MGEHA,350,0.14108554344694707,-1.711205048946604,1.9933761358404982,-0.006944444444444444,0.9862358663545844,0.991839479231599,0.5625,0.0005001834473353459,0.5,0.0004637920509167887,higher in disease
Unclassified SM2D12,351,0.2831386995948577,-0.7303543122481455,1.296631711437861,0.006944444444444444,0.9862358663545844,0.991839479231599,0.25,2.9273112287019556e-05,0.05555555555555555,0.0002514555957884509,higher in disease
Ileibacterium,352,0.5605342788515248,-0.3554111288033954,1.4764796865064451,-0.006944444444444444,0.9862358663545844,0.991839479231599,0.1875,1.2516634573486111e-05,0.05555555555555555,0.0008842142060321916,higher in disease
Helicobacter,353,0.5160125190053432,-0.6693362553249259,1.7013612933356121,0.0,1.0,1.0,0.375,0.0002205169323869744,0.3333333333333333,0.000655466981656212,higher in disease
Unclassified Longimicrobiaceae,354,0.21318481522984617,-0.9104091385594504,1.3367787690191426,0.0,1.0,1.0,0.4375,0.00033790763020299984,0.3888888888888889,0.0001964313680629922,higher in disease
