,detected_H_high_richness (n=6),detected_H_other (n=10),detected_P_high_richness (n=0),detected_P_other (n=18),direction
Unclassified Bacilli,5/6,0/10,0/0,16/18,higher in disease
Subdoligranulum,6/6,3/10,0/0,0/18,higher in reference
Enterobacter,6/6,4/10,0/0,2/18,higher in reference
Nordella,6/6,2/10,0/0,1/18,higher in reference
Unclassified Pirellulaceae,6/6,1/10,0/0,0/18,higher in reference
Fretibacterium,2/6,9/10,0/0,15/18,higher in disease
Peptococcus,2/6,9/10,0/0,16/18,higher in disease
Unclassified Isosphaeraceae,6/6,3/10,0/0,2/18,higher in reference
Gardnerella,6/6,3/10,0/0,1/18,higher in reference
Psychrobacter,6/6,2/10,0/0,2/18,higher in reference
