permutation,n_q_below_fdr,n_p_below_0.05
0,0,10
1,0,5
2,0,19
3,0,14
4,0,7
5,0,3
6,0,28
7,0,13
8,0,9
9,0,22
10,0,3
11,0,48
12,0,24
13,0,25
14,0,31
15,0,5
16,0,3
17,0,22
18,0,23
19,0,17
20,0,5
21,0,3
22,0,19
23,0,17
24,0,22
25,0,31
26,0,11
27,0,34
28,0,13
29,0,26
30,0,9
31,1,29
32,0,14
33,1,32
34,0,7
35,0,23
36,0,32
37,0,5
38,0,5
39,0,5
40,0,14
41,0,3
42,0,3
43,0,23
44,0,21
45,0,17
46,0,17
47,0,5
48,0,26
49,0,18
50,0,26
51,0,30
52,0,12
53,0,11
54,0,12
55,0,42
56,0,4
57,0,18
58,0,30
59,0,21
60,0,11
61,0,34
62,0,26
63,0,27
64,0,9
65,0,16
66,0,24
67,0,21
68,0,43
69,0,5
70,11,50
71,0,4
72,0,9
73,0,9
74,0,21
75,0,11
76,0,14
77,0,8
78,0,9
79,0,16
80,0,13
81,0,44
82,0,20
83,0,17
84,0,14
85,0,33
86,0,18
87,0,7
88,0,12
89,0,15
90,0,4
91,0,76
92,0,9
93,0,14
94,0,6
95,0,10
96,0,14
97,0,9
98,0,7
99,0,8
100,0,11
101,0,4
102,0,22
103,0,64
104,0,25
105,0,8
106,0,9
107,0,5
108,0,14
109,0,26
110,0,6
111,0,9
112,0,72
113,0,5
114,0,15
115,0,12
116,0,5
117,0,17
118,0,8
119,0,15
120,0,11
121,0,25
122,0,33
123,0,8
124,0,6
125,0,23
126,0,12
127,0,15
128,0,15
129,0,17
130,0,9
131,0,25
132,0,13
133,0,26
134,0,11
135,0,38
136,0,4
137,0,3
138,0,12
139,0,13
140,0,7
141,0,27
142,0,8
143,0,6
144,0,1
145,0,48
146,0,8
147,0,4
148,0,14
149,0,5
150,0,6
151,0,31
152,0,8
153,0,31
154,0,20
155,0,7
156,0,18
157,0,4
158,0,5
159,0,2
160,0,8
161,0,11
162,0,21
163,0,53
164,0,10
165,0,8
166,0,14
167,0,12
168,0,19
169,0,21
170,0,6
171,0,3
172,0,31
173,0,15
174,0,20
175,0,20
176,0,4
177,0,8
178,0,10
179,0,9
180,0,14
181,0,11
182,0,29
183,0,15
184,1,107
185,0,6
186,0,27
187,0,13
188,0,39
189,0,14
190,0,31
191,0,10
192,0,30
193,0,6
194,0,6
195,0,9
196,0,9
197,0,16
198,0,20
199,0,2
