,total_reads,detected_H,detected_P,detected_T,detected_TP
ASV8652,881,1,12,3,11
ASV26025,205,0,1,0,0
ASV22969,189,0,1,0,0
ASV26090,121,0,1,0,0
ASV23041,108,0,1,0,0
ASV23477,82,0,1,0,0
ASV33097,72,0,0,0,1
ASV23654,59,0,1,0,0
ASV23798,47,0,1,0,0
ASV23814,46,0,1,0,0
ASV27346,43,0,0,1,0
ASV23841,43,0,1,0,0
ASV27892,40,0,0,1,0
ASV27469,25,0,0,1,0
ASV33760,24,0,0,0,1
ASV28018,23,0,0,1,0
ASV31338,12,0,0,1,0
ASV31373,11,0,0,1,0
ASV24052,9,0,1,0,0
ASV22178,6,0,1,0,0
ASV28591,5,0,0,1,0
ASV2026,4,1,0,0,0
ASV17699,3,1,0,0,0
ASV34228,3,0,0,0,1
ASV19231,2,1,0,0,0
ASV13397,2,1,0,0,0
ASV19086,2,1,0,0,0
ASV8631,2,1,0,0,0
ASV8969,2,1,0,0,0
ASV19103,2,1,0,0,0
ASV25133,2,0,1,0,0
ASV33994,2,0,0,0,1
