,mean,sd
Unclassified Bacilli,0.05630579812728324,0.01168366846128926
Treponema,0.017871412269193702,0.007440112154066824
Enterobacter,0.016240371112149196,0.008218934343893444
Peptococcus,0.015765459075414177,0.010751631890314578
Subdoligranulum,0.01569691346251201,0.012906582581632643
Unclassified Prevotellaceae,0.015153124796685943,0.007315060052037625
Tannerella,0.01349378345921191,0.007433663982009317
Rikenellaceae_RC9_gut_group,0.013281169455479353,0.006720332080366288
[Eubacterium]_nodatum_group,0.013117675883223514,0.007957745477589649
Fretibacterium,0.01242464234540664,0.006437843179267623
Faecalibacterium,0.011880565815498331,0.006139531893059192
Phocaeicola,0.011779984359071231,0.006930976037788962
Defluviitaleaceae_UCG_011,0.01119544921329903,0.005673820112238495
Filifactor,0.010401923871732301,0.00656971399752931
Unclassified Bacteroidia,0.010068582187253906,0.005049345352989465
Unclassified Pirellulaceae,0.008963878374033537,0.004903367063646651
Lentimicrobium,0.008620778261827968,0.005557979583378152
Acidibacter,0.008568918679548038,0.004611536801039081
Nordella,0.00841269438306245,0.004432556457501576
Gardnerella,0.008363118473772762,0.006105250582052324
Unclassified Isosphaeraceae,0.008343066929085766,0.00506018860015951
Haliangium,0.00799066283017092,0.005370633187069729
Massilia,0.007552662023965121,0.004507233218016241
Anaeroglobus,0.006635465523126141,0.005032097019722721
UCG_005,0.0065977543812546415,0.00518143490287442
Prevotella_9,0.00636786781099774,0.0054100195513339675
Unclassified Caldilineaceae,0.00627645722627967,0.004774788684725587
Romboutsia,0.006142187219395614,0.004368853987245427
Conexibacter,0.006101968116306699,0.004512573610784175
Lachnoanaerobaculum,0.0060003632500634976,0.003312114320023419
HSB_OF53_F07,0.005945815245279,0.0054928936664113874
Methylobacterium_Methylorubrum,0.005805054287914866,0.00392832194653847
Unclassified Microtrichales,0.005732727402976943,0.004455509361606285
Parasutterella,0.005485228887553612,0.004606293902620477
Roseburia,0.0053470151900812,0.0033860357470083253
Unclassified Anaerovoracaceae,0.005028408695612553,0.0033719296091521706
Aphanizomenon_NIES81,0.005017531564137612,0.003688788906663539
Unclassified Clostridiales_bacterium_feline_oral_taxon_148,0.004866373153619845,0.003817268725092991
Unclassified Candidatus_Campbellbacteria,0.00473139489907158,0.004746417068226538
Desulfovibrio,0.0047252111939167455,0.0032762983319830396
Paracoccus,0.004677231339813474,0.003096379895588899
F0058,0.004611165774282149,0.003430978111072328
Psychrobacter,0.004585397342248849,0.004302662918003591
Unclassified Archaea,0.004514784170814336,0.0038759674779266086
Unclassified Beijerinckiaceae,0.004503545714513221,0.0036264472179473404
Candidatus_Nitrocosmicus,0.00449920056093819,0.004040530213914691
Actinobacillus,0.004434209902644828,0.0034284553042297013
Catonella,0.004354731694145156,0.0030761938799382807
Nocardioides,0.004219307942314652,0.003956870951019511
Candidatus_Solibacter,0.004213960500127998,0.003246477870462271
hgcI_clade,0.004175062947105387,0.004242923737247728
Bombilactobacillus,0.0041619125621699,0.004209745089916567
Prevotella_7,0.00414133749253368,0.003627132274444487
Chelatococcus,0.0041168326449545125,0.0031589542500580574
Neisseria,0.003969270895770229,0.00277621130951821
Salmonella,0.0039030092656113687,0.0029022283496342232
Porphyromonas,0.0038994682499627602,0.0025597301795433646
Pseudomonas,0.0038266709818712114,0.002805735347827773
Nesterenkonia,0.00379277437290968,0.00483270248863207
Rhodanobacter,0.0037594155950039965,0.004106857011575195
Selenomonas,0.003687100160337733,0.0038324261035412623
Mycoplasma,0.00368641541099552,0.002397998932249585
Ferruginibacter,0.003685702760270414,0.0033535179632106205
Hyphomicrobium,0.003685422095869254,0.0022684335327375215
Limosilactobacillus,0.003655490164667008,0.002901784048373233
Unclassified Acidobacteriales,0.003652550510639617,0.002572344243431882
Paucibacter,0.003588667267851736,0.002288166283816643
Campylobacter,0.0035344383015246256,0.0026133049590131296
F0332,0.0035034725615942907,0.0022880476047100647
Unclassified LWQ8,0.003416318744819369,0.0025214294074456093
Solobacterium,0.0034033525066207142,0.0038197377052551803
Pseudarthrobacter,0.003357770396389889,0.002830847470985633
Sphingomonas,0.003316032612021853,0.0022829611775795735
Unclassified SBR1031,0.003299494204247364,0.002456394948393312
Unclassified Gaiellales,0.0032829010875513346,0.00314736222489073
Bradyrhizobium,0.003185740870763491,0.0024055557073469278
Unclassified Rhodospirillales,0.003182114792216451,0.0026982430368038325
Rothia,0.0031110132291361165,0.0019055146325375242
Unclassified Chitinophagaceae,0.0031048498943224297,0.0024646748577733997
Bacteroides,0.003074680795022226,0.0024509581598456216
Haemophilus,0.003061300392677423,0.0017252865678642857
Atopobium,0.003045700727484633,0.002721474251218936
Pseudolabrys,0.0029887009365958906,0.002470526949243221
Parvimonas,0.002971792319012754,0.0023037935616443024
Acholeplasma,0.0029542101663545257,0.0029896122385406274
Leptotrichia,0.002923281880986159,0.0025264620691889733
Actinomyces,0.002923279469725557,0.0024132767502713696
Pseudaminobacter,0.002907544463057467,0.0030011581141282137
Lentilactobacillus,0.002895915476162658,0.004689478700010001
Unclassified NS9_marine_group,0.002882636830272046,0.002407885580537936
Aeromicrobium,0.002882160318045711,0.0027569423023757187
Unclassified RF39,0.0028645002751805457,0.003833717027071113
Bacillus,0.0028536396593786496,0.0016212022712477228
Porphyrobacter,0.002828219897227487,0.0025818811773886076
Acinetobacter,0.0028196921314678595,0.002761239224752074
TM7x,0.002806873413349316,0.002265446201644876
Unclassified Acidimicrobiia,0.0027971198487153114,0.002529375958328398
Dialister,0.002776432026638222,0.0021206019373929334
Mesorhizobium,0.002680219385543963,0.0021183354276930596
Dietzia,0.002676838391614259,0.00242758508276677
Fusobacterium,0.0026702427439766786,0.001772551973141508
[Eubacterium]_yurii_group,0.0026198959987606078,0.0023837043687001264
Piscinibacter,0.002617278003291538,0.003362229506388452
Gemella,0.002604111193079879,0.0017046565182758922
[Eubacterium]_saphenum_group,0.00260287563868734,0.0023365884723568256
Unclassified JG30_KF_CM45,0.002599478860121715,0.002093512418204009
[Eubacterium]_brachy_group,0.002573636296255495,0.0021748577789008966
Methyloversatilis,0.002570487648335861,0.0018602175227428947
Paenibacillus,0.002553819028794367,0.0015164616335828027
Unclassified Parcubacteria,0.0025329722031587456,0.0022570482723593575
Ellin6067,0.0025043249826721325,0.002628404229711475
Agromyces,0.0024912828670604448,0.0022327583511585424
Blautia,0.002483982681316038,0.002981370620774369
Pseudopropionibacterium,0.002475139727248496,0.0019380185252225511
Escherichia_Shigella,0.00243439130820103,0.0017706796880444988
Phascolarctobacterium,0.0024286404727015486,0.0019798596622732333
Rhodococcus,0.002426096594778902,0.002123670110939587
Unclassified Gammaproteobacteria,0.002420267363192534,0.002201752586717698
Unclassified Clostridiales_bacterium_oral_taxon_075,0.0024131399469225993,0.0018418412955146114
Candidatus_Udaeobacter,0.0024121792329786463,0.0029760122282165963
Gilliamella,0.0023852040631163352,0.0020023518123192087
Unclassified Pedosphaeraceae,0.0023745837384955256,0.002084830369476932
Candidatus_Koribacter,0.002368522571113604,0.0016646099335151786
Candidatus_Saccharimonas,0.002349563307836575,0.0014277276806659407
Unclassified Clostridia_UCG_014,0.0023390568681574573,0.0018298218339901974
Bryobacter,0.0023322139811645403,0.0021387364564123654
Unclassified Saccharimonadales,0.0023236178426199214,0.0020602925924772075
Pseudoxanthomonas,0.002307735178981571,0.002363049363722981
Corynebacterium,0.002285662712915818,0.0017149242047470035
Unclassified Vicinamibacterales,0.002275864285320775,0.0016449544823850964
Johnsonella,0.0022711333137122106,0.0017836133239504523
Gemmatimonas,0.0022420245070987463,0.002159419955501121
Aggregatibacter,0.0022305282719785094,0.0017400408597362544
Unclassified 11_24,0.002229103857230783,0.0024082062824261766
Peptoanaerobacter,0.0022207758579906554,0.0023050710849025846
Bergeyella,0.0022204528973696737,0.0015641908006652902
Cardiobacterium,0.002201358380397379,0.0017171313081288451
Unclassified Saccharimonadaceae,0.0022011589819544188,0.0020975552242595
Leucobacter,0.0021766227838660294,0.0026652046337348424
Listeria,0.0021397564974701393,0.0021633654494471314
Burkholderia_Caballeronia_Paraburkholderia,0.0021213816082561745,0.001821294762502664
Verminephrobacter,0.00211978679684502,0.0026014170074556563
TM7a,0.002117573582511942,0.0017018842599792537
Turicibacter,0.0021112931479639343,0.002109468577405736
Lautropia,0.0021098335811905794,0.0015191376924112035
Ruminococcus,0.002109611950637626,0.0019145359380291873
Methylophilus,0.0020893459135062783,0.002333865161829334
Methanoculleus,0.0020555170139890232,0.0014169533263868736
SM1A02,0.0020432479854282917,0.0020718852427355485
Unclassified Muribaculaceae,0.0020358234879711778,0.001850007125144664
Unclassified Gemmatimonadaceae,0.002022300683586386,0.0013638558198468577
Muribaculum,0.0020211980215866306,0.0021482117663010935
Unclassified Candidatus_Saccharibacteria_bacterium_UB2523,0.0020096344184893683,0.0022920732083051387
Bordetella,0.001995751170610429,0.002466823500278361
Streptococcus,0.00198721340542708,0.0014239521686655145
Acidovorax,0.0019781973237633795,0.0022124802843192
Peptostreptococcus,0.0019131548528021965,0.0015440536933116263
Granulicatella,0.0019116109088096328,0.0015113496530342358
Unclassified candidate_division_SR1_bacterium_MGEHA,0.0018945969329307428,0.001339124288078015
Phenylobacterium,0.001867577300347962,0.0018870694305855135
Sulfurovum,0.0018653645004633,0.002031487349209431
Limnobacter,0.0018548788063492852,0.0018725862080348663
Allobaculum,0.0018230156932699674,0.0017385307155174336
Unclassified Chloroflexi,0.0018199269905316948,0.0017872970212302846
Unclassified Geminicoccaceae,0.001814882189972776,0.001913362582672362
Alloprevotella,0.00180818442879446,0.0015255647182550963
Dongia,0.0017987536763554302,0.002006798780048609
Lactiplantibacillus,0.0017960797573930013,0.0016492915131176241
Subgroup_10,0.0017949022576452605,0.0019425704733475112
Unclassified Anaerolineae,0.001789802394586427,0.0018591498728628704
Kouleothrix,0.001778101699729015,0.00199668683665088
Klebsiella,0.0017696538276005874,0.0018489761540865402
Unclassified Elsterales,0.0017652013318172925,0.0012978227803190714
Unclassified Cyanobacteriia,0.0017211302028035203,0.0016929793832507261
Unclassified Bacteroidales,0.0017179005290633537,0.0020279341570912687
Iamia,0.001704007421707886,0.0021054914816380395
Eikenella,0.00170344670619782,0.0016362102507587412
Buchnera,0.0016930481834490673,0.0015434567709858044
Aquamicrobium,0.0016821165013349668,0.0016308379126119942
Candidatus_Cloacimonas,0.0016666010112184205,0.0017474380752575337
Unclassified Lachnospiraceae,0.00166478926705138,0.0014854137256150553
Family_XIII_AD3011_group,0.001656385196987428,0.002087863019872185
Oribacterium,0.0016469421293637157,0.001228517573178329
Allorhizobium_Neorhizobium_Pararhizobium_Rhizobium,0.0016354043082813996,0.0023884622515275233
Unclassified Actinobacteria,0.0016179006315541933,0.0017534048676212447
Aeromonas,0.0016174228746162584,0.0018528981106592955
Unclassified Longimicrobiaceae,0.0016100499192733242,0.0016134480804583045
OM27_clade,0.00160853268588386,0.0017762979099431018
Abiotrophia,0.0016068866877973875,0.001277686216142556
Enterococcus,0.001602852661740114,0.0011297983903098068
Staphylococcus,0.001600998197846529,0.0014774536814182173
Stomatobaculum,0.0016002387913994385,0.0013401650262552835
Unclassified Subgroup_7,0.001595781121294552,0.001768478236834882
Olsenella,0.001584214996353714,0.001791270735921213
Kingella,0.0015673170620767146,0.0011175525358485506
Megasphaera,0.0015575970724387273,0.0013491969144548775
Mycobacterium,0.001545784535964152,0.0018284827512517244
Unclassified Absconditabacteriales__SR1,0.0015119263118569906,0.0011636997638573361
Unclassified Lentimicrobiaceae,0.0014779211109303258,0.002020315581511835
Gaiella,0.0014759077759792663,0.0014605834895002052
Unclassified Candidatus_Nomurabacteria,0.0014758795103333067,0.001991512732467033
Pseudoalteromonas,0.0014679135215131078,0.0020835499623736062
Lactobacillus,0.0014550005961259393,0.0010176522457177113
Unclassified Bacteria,0.0014481330079271592,0.000997586368440968
Unclassified Alphaproteobacteria,0.001432670896485337,0.0012241275825931389
Streptomyces,0.0014301480493029062,0.001210458164670514
Brevundimonas,0.0014087810000962182,0.0011590988934880656
Citrobacter,0.001405744271195515,0.0020995668606801363
Odoribacter,0.0014029325670439588,0.001455639858588129
Capnocytophaga,0.0013903818660710677,0.0010797794088328997
Devosia,0.001389821108446397,0.0017031812089806665
Unclassified Cyanobacteriales,0.00138195417869555,0.0014073603922955399
Unclassified Saprospiraceae,0.00137385627546827,0.0015652380584618238
Unclassified SR1_bacterium_oral_taxon_875,0.0013664288475465376,0.00154824604898843
Unclassified SC_I_84,0.0013601363530479403,0.0013053826066678192
FukuN18_freshwater_group,0.001356719312037877,0.0018182372220043614
Stenotrophomonas,0.0013566515432886339,0.0013688075124737977
Pajaroellobacter,0.0013549518248577946,0.001618819343006173
Unclassified Gemmataceae,0.0013514774279573586,0.0012282690619778397
Methyloceanibacter,0.0013363531120317471,0.001492256039490878
Prevotella,0.001325572896342867,0.0010243386526535719
Thiopseudomonas,0.0013210056904063056,0.0020280171555355554
Unclassified Nitrosopumilaceae,0.0013189093059731436,0.0021433507224172276
Unclassified SAR202_clade,0.001310782910062252,0.001492804372024524
Unclassified JG30_KF_AS9,0.0013024888588838283,0.0014350310418920278
Unclassified Anaerolineaceae,0.0013024080564305609,0.0011090638374549964
Pedomicrobium,0.0013019025226070238,0.001832162496398138
Pedobacter,0.0012966868603305074,0.0016202168483866514
RB41,0.0012919806416373991,0.0012091443914929278
Sphingobacterium,0.0012883005902334745,0.001375248205965235
Unclassified Rhizobiales,0.0012825946369681102,0.0013048146108423906
MND1,0.0012806674602488777,0.0012403433677731731
Ligilactobacillus,0.0012710680550921804,0.0011537663259862858
Cellulosimicrobium,0.0012452268487085892,0.0015702405879343432
Comamonas,0.0012411703916858743,0.001103034000315189
Veillonella,0.0012391935532892605,0.001241026348410785
Parabacteroides,0.001216883796928845,0.0010421831661431352
Moraxella,0.0012117113681774363,0.0011529092771142705
Bifidobacterium,0.0012088866611914386,0.0009929602527923426
Blastococcus,0.0012019058231459954,0.0014437164622468968
Prevotellaceae_NK3B31_group,0.0011981370781200206,0.0018119267881541265
28_4,0.0011938706051241612,0.0012798625245992188
Unclassified Ruminococcaceae,0.001187256979222811,0.0014170773004991606
Commensalibacter,0.001184836722122972,0.001249563676510637
Terrimonas,0.0011825285634927242,0.0016459374650405567
Lachnospiraceae_NK4A136_group,0.0011731497814766168,0.001635722204975623
Unclassified Subgroup_2,0.0011667884453609768,0.0011633199645981439
[Ruminococcus]_gnavus_group,0.0011589566670959133,0.001751164518344771
Unclassified Oscillospiraceae,0.0011564740215443579,0.0015126253309922905
Nitrospira,0.0011361611982984986,0.0016744663243882228
Altererythrobacter,0.0011284394910181508,0.0009415426514817044
Oceanivirga,0.001112427379242785,0.0011969093375910722
Dyadobacter,0.0011073077655354758,0.002005519535920274
Ilumatobacter,0.0011026150229566881,0.0009943607924053593
Lysobacter,0.001081694790613932,0.0011664168489902396
P3OB_42,0.001073971900647401,0.0011233909692694448
Achromobacter,0.0010712613414598593,0.0012140549125322548
Sphingobium,0.0010672091249581041,0.001144241969424453
Unclassified F082,0.0010647125950090065,0.0014992423569012707
Jeotgalibacillus,0.0010602424873137908,0.001105881144391801
Prevotellaceae_UCG_001,0.0010570094104171781,0.0011574994108610086
Acidothermus,0.0010556030580195727,0.001502294759764514
Unclassified Sporichthyaceae,0.0010535361731940334,0.0009854300926346155
Flavobacterium,0.001053343952690831,0.00112562822784878
Sodalis,0.0010512195828779832,0.0009891427337613396
CL500_3,0.0010495349518261803,0.001839961811959908
Unclassified Clostridia_vadinBB60_group,0.0010392319085769566,0.0010602898556366853
Unclassified Subgroup_17,0.0010390663841840367,0.0009412334865816687
Rhodopseudomonas,0.0010339226616762301,0.002598598675472813
Bartonella,0.0010278167524924897,0.0014928288036283115
Unclassified Thermoactinomycetaceae,0.00102556925457111,0.00150118008659223
Unclassified Desulfobacterota,0.0010177439885749862,0.0013095890230081127
Oxobacter,0.0010159186561352841,0.0016815699471650447
Unclassified Burkholderiales,0.0010082925163828805,0.0011355808018112003
[Ruminococcus]_torques_group,0.0010067815837723453,0.0011558813033338091
CL500_29_marine_group,0.000993937054121975,0.0012538672561303713
Dubosiella,0.0009893011102113621,0.0008892735629412174
Luteolibacter,0.0009862627783161235,0.0009720408451717201
Faecalibaculum,0.0009819559722959157,0.0013522827162443386
Unclassified Sandaracinaceae,0.000976944494082271,0.0011377059712864809
Unclassified Enterobacteriaceae,0.0009686976901212538,0.0010898548580832803
Unclassified Microscillaceae,0.0009640969165169266,0.0011385423391592397
UCG_002,0.0009624384435707105,0.0011990742689643999
Ohtaekwangia,0.000961957100479948,0.0010602065944561399
Unclassified Gastranaerophilales,0.0009526930163259336,0.0012919150389605397
Unclassified Lactobacillales,0.0009488441158688199,0.001223352246910244
Snodgrassella,0.0009426265264094486,0.0013994957611637084
Unclassified 67_14,0.0009401902318999599,0.0009997267484440889
Unclassified Vicinamibacteraceae,0.0009364600681057375,0.001033422760507066
Unclassified KF_JG30_B3,0.0009321008174383592,0.001516772452917555
Bosea,0.0009203565928489805,0.0028772418035160363
Collinsella,0.0009130378148359712,0.001023432697106161
Sedimenticola,0.000909264967549675,0.0014564022589404735
Solirubrobacter,0.0009087825260152183,0.000963097154290475
Unclassified Candidatus_Falkowbacteria,0.0009010830174853956,0.0010446934287810595
Akkermansia,0.0009005567465434168,0.0009242438988954863
Intestinimonas,0.0008973683177989166,0.001160477948935002
Enhydrobacter,0.0008972194667632655,0.0013086580374160634
Halocella,0.0008837230222355322,0.0016146636081405142
Cutibacterium,0.0008801938460777251,0.0007973606453710139
Cupriavidus,0.0008743521523274971,0.0010622540551421685
Oscillibacter,0.0008684141194125841,0.0011276988364501022
Cyanobium_PCC_6307,0.0008649592553037963,0.0010495323400778666
Spirosoma,0.000863702072699171,0.0013284237369308078
Novosphingobium,0.0008627327955638996,0.0009659212631095508
Unclassified SM2D12,0.0008351266040283428,0.001083416822292153
Clostridium_sensu_stricto_1,0.0008117680886751966,0.0010790886129625782
Unclassified IMCC26256,0.000807167536024125,0.0009825072541073067
Unclassified [Eubacterium]_coprostanoligenes_group,0.0008068417935468237,0.0007652812329382164
Roseicyclus,0.0008027229513689884,0.001530331445142311
Unclassified UCG_010,0.0007944238861736075,0.0008904883849782837
Unclassified Peptostreptococcaceae,0.0007934609776067379,0.0008890720733538112
Unclassified Propionibacteriaceae,0.0007912149130584904,0.0010746439198221246
Aerococcus,0.0007895756505455988,0.0009932791257896158
Fluviicola,0.0007854024975458422,0.0010615848678381594
Rubrobacter,0.0007810264467048007,0.0009557522032864487
Luteimonas,0.0007693725564361608,0.0010172210299324903
Unclassified Actinobacteriota,0.0007668918887288337,0.0008650381759159238
CK06_06_Mud_MAS4B_21,0.0007544107414304269,0.0012396102099514951
Methylocystis,0.0007509396092800237,0.0009722154506655423
Sediminibacterium,0.000750367549908843,0.001167412390047162
Unclassified Chitinophagales,0.0007488607294323935,0.0011725325392357305
Helicobacter,0.0007435176379721363,0.0008967419361855623
Exiguobacterium,0.000741754075776985,0.000897008906506494
Christensenellaceae_R_7_group,0.0007332710574120926,0.0009201896615056008
Unclassified Candidatus_Adlerbacteria_bacterium_GW2011_GWC1_50_9,0.0007298246859157581,0.0009610658882288529
Adhaeribacter,0.0007256732617000339,0.0009282110103339672
Unclassified Roseiflexaceae,0.0007101583370456756,0.0008820237344441065
Unclassified Limnochordaceae,0.000709912986709646,0.0010754079588146071
Unclassified MWH_UniP1_aquatic_group,0.000708239621753428,0.0007915843017558483
Ochrobactrum,0.0006991537418576982,0.0009146788081231827
Unclassified Woesearchaeales,0.0006973752893942907,0.0007630374249400239
Prochlorococcus_MIT9313,0.0006931081252057564,0.0009691321987042906
Tepidimicrobium,0.0006915947018830831,0.0012826125818601484
Bdellovibrio,0.0006885351165371331,0.0011456137252434811
Unclassified Ilumatobacteraceae,0.0006870334363722519,0.0006546033752232758
Pontimonas,0.0006818378628050412,0.0015209130056051286
Unclassified WD2101_soil_group,0.0006759887921703564,0.0009306837336109208
Micromonospora,0.0006719566983539814,0.00083680459043157
Unclassified Simkaniaceae,0.0006558630991602277,0.0008730078834606923
Unclassified Bacteroidetes_vadinHA17,0.0006551913401121815,0.001967000331820714
Unclassified env.OPS_17,0.0006534998652094401,0.000668158816791986
Lachnospiraceae_ND3007_group,0.0006526475108158424,0.0008770093116134758
Cetobacterium,0.0006356624215092121,0.000743056850850004
Natronomonas,0.00063415269054877,0.000958578370912063
Monoglobus,0.0006314739979037756,0.0017540572972168898
Serratia,0.0006257237238342919,0.000759531298029738
Unclassified Clostridia,0.0006224936818206827,0.0011432635449498353
Marinobacter,0.0006221151629226781,0.0007869382773276306
Candidatus_Alysiosphaera,0.0006091232342815281,0.0008389327826445986
Ileibacterium,0.0006087700133353334,0.0008153509978101552
[Eubacterium]_fissicatena_group,0.0005923297992025307,0.0007404071934145988
Unclassified A4b,0.0005878699994320199,0.0007269532615775933
Microvirga,0.000584212579943554,0.0006282850868840385
Alistipes,0.0005840696114744104,0.0006128479488773417
Unclassified Sphingobacteriaceae,0.0005813410955924188,0.0008549835412564898
Lachnoclostridium,0.000580076439135915,0.0006709103360312006
Coprococcus,0.000579722523262594,0.0010416412800776818
Oceanobacillus,0.0005794658104014186,0.0008609462077090668
Unclassified Dehalococcoidia,0.0005726315189205876,0.0007716715097090181
Unclassified Rokubacteriales,0.0005708809972134273,0.0006828374384970182
Ensifer,0.0005702660092273987,0.0007837045546945159
Unclassified Sphingomonadaceae,0.0005614141556384913,0.0010265950767740025
Candidatus_Aquiluna,0.0005589285944150547,0.0009034591944914622
Marivita,0.0005540132048781097,0.001014841639367617
Unclassified NS11_12_marine_group,0.0005440057357970531,0.0008450663396438084
Bilophila,0.0005361877950019942,0.0009766941537283325
Unclassified Candidatus_Kaiserbacteria,0.0005338137156408386,0.0013972172713446775
Unclassified Nitrososphaeraceae,0.0005309458131549509,0.0007109966401874684
Robiginitalea,0.0005308682360281221,0.0010529550858037558
Unclassified Xanthobacteraceae,0.0005301613293550485,0.001225747980622403
Erysipelatoclostridium,0.0005150798301684357,0.001072760470384423
Ellin6055,0.0005111179110762047,0.0009369407798778419
Chryseolinea,0.0005052314540251744,0.0016265600135783591
Unclassified RBG_13_54_9,0.000496107123155032,0.0009249181027202245
Unclassified Pseudomonadales,0.0004927804658701596,0.0008815330636061754
Unclassified TRA3_20,0.0004913463037383438,0.0007415886997481795
Vicinamibacter,0.0004891484045874222,0.0007213869284670375
Unclassified Steroidobacteraceae,0.0004791493978613531,0.0007059452132180592
Lactococcus,0.0004669309753882536,0.0007068420272988265
Unclassified Desulfovibrionaceae,0.0004629210885766854,0.0006927910523796253
Flavisolibacter,0.00046260908343146253,0.0006856315684651101
Unclassified S085,0.0004619020103930059,0.000595212517674773
Pseudorhodoplanes,0.00045780807197742313,0.0008143604758519911
Unclassified Oscillospirales,0.00044331775648821933,0.0010334314287737433
Arthrobacter,0.000437921582606076,0.000637343045856843
[Eubacterium]_eligens_group,0.0004311763287960027,0.0005948311513486913
Acidiphilium,0.00041359687558644115,0.0007769822107358689
Stenotrophobacter,0.00041010759608897516,0.0006292740034846805
Unclassified B1_7BS,0.0004017643371687987,0.0005538059357795001
Weissella,0.00039241445094341125,0.0007270348260986809
NK4A214_group,0.0003846886770132819,0.0006533954806797744
Unclassified Thermodesulfovibrionia,0.0003819280786067512,0.0005867399886877639
Unclassified Candidatus_Zambryskibacteria,0.0003754120400460516,0.0013420043083444198
Wolinella,0.0003598427707285173,0.0025444726334309066
Terrisporobacter,0.0003591905441360253,0.0008555561154703967
Prevotellaceae_UCG_004,0.00034938439917420503,0.0006762034893558625
Unclassified Firmicutes,0.000316683089945427,0.0004897701882985437
Anaerostipes,0.0003108983757431119,0.0006280464272243493
Unclassified Latescibacteraceae,0.0003004023477245408,0.0005937781493657506
Butyricimonas,0.00029564986246617144,0.00046992010450631227
Halomonas,0.00028948062678493813,0.0010130406759150104
[Eubacterium]_hallii_group,0.00028094486429095015,0.0008515486019430063
Unclassified Peptococcaceae,0.0002575459414435997,0.00038906560639187374
Unclassified Methyloligellaceae,0.000216213632912669,0.00047955202211828144
Butyrivibrio,0.00020977632533885626,0.0006130127501496371
Singulisphaera,0.00020086571641985345,0.00043644664799064096
Unclassified Gemmatimonadota,0.0001250253619804565,0.0005365697218696063
Unclassified C0119,4.501671122994653e-05,0.00016679266226206165
