sample_id,label,mean_oof_probability
T1,0,0.516886457270575
T2,0,0.5522015347900797
T3,0,0.46228024329531686
T4,0,0.3908818626278743
T5,0,0.4968260983411084
T6,0,0.5470617806894535
T7,0,0.4702160656309677
T8,0,0.46087520145682354
T9,0,0.5971077114018726
T10,0,0.5305081035691266
T11,0,0.40697024599598935
T12,0,0.6823058501172163
T13,0,0.3821066024270893
T14,0,0.46065662963336784
T15,0,0.39549230538004954
T16,0,0.6294824603226623
T17,0,0.44280320416702706
TP1,1,0.5607176648730826
TP2,1,0.563027727735368
TP3,1,0.48459835388751493
TP4,1,0.42442691475785893
TP5,1,0.6035012934071919
TP6,1,0.7071134119741262
TP7,1,0.55793015541576
TP8,1,0.4891234094362429
TP9,1,0.4763117504973252
TP10,1,0.37892933407671625
TP11,1,0.48922027991823336
TP12,1,0.6001677359670301
TP13,1,0.32616527216414093
TP14,1,0.25875941211596876
TP15,1,0.5387892296273505
TP16,1,0.3117860582867246
