sample_id,depth,expected_richness
H1,100,57.064187632456665
H1,5359,567.2806748432099
H1,10618,707.0158302003395
H1,15877,765.8854868001508
H1,21137,795.3598656484968
H1,26396,811.9113500222129
H1,31655,821.9918861309595
H1,36915,828.4514539807953
H1,42174,832.6728563661019
H1,47433,835.3951424657707
H1,52692,837.0502980181376
H1,57952,837.917159091835
H2,100,38.83399912543239
H2,5359,291.61997567916467
H2,10618,355.0077768589821
H2,15877,385.66101974454574
H2,21137,402.89419416198143
H2,26396,413.54333887365823
H2,31655,420.5898455124002
H2,36915,425.4826297372163
H2,42174,428.9800360398929
H2,47433,431.5087391261363
H2,52692,433.32266098362766
H2,57952,434.5837905041036
H2,63211,435.4017978852969
H2,68470,435.85671620475216
H3,100,42.010707237628075
H3,5359,229.32934582729024
H3,10618,274.43747959539155
H3,15877,300.97185446327126
H3,21137,318.77261498159515
H3,26396,331.3837139896084
H3,31655,340.56022655395327
H3,36915,347.3205739746094
H3,42174,352.3148109165234
H3,47433,355.9892693322628
H3,52692,358.6582770211744
H3,57952,360.54879484948265
H3,63211,361.82571840811704
H3,68470,362.61199488073646
H3,73730,363.0
H4,100,32.594058872130255
H4,5359,181.22631319235052
H4,10618,214.71194036146335
H4,15877,232.38350695387533
H4,21137,243.09963361867733
H4,26396,250.10514903047164
H4,31655,254.91332344179673
H4,36915,258.3186711007236
H4,42174,260.774511533601
H4,47433,262.5592887512438
H4,52692,263.8515429679404
H4,57952,264.7710458570016
H4,63211,265.4004052999014
H4,68470,265.79916837625484
H5,100,24.618836992379325
H5,5359,151.8592336432132
H5,10618,181.02990763120846
H5,15877,194.54067761665178
H5,21137,202.00989743194924
H5,26396,206.49217668969953
H5,31655,209.2338030873986
H5,36915,210.85183514126135
H5,42174,211.70114622523448
H6,100,60.36136591425118
H6,5359,864.2309373284542
H6,10618,1220.655249307792
H6,15877,1459.4453348718334
H6,21137,1633.5972131218002
H6,26396,1764.2861248227114
H6,31655,1862.8389385519201
H6,36915,1936.2052483486632
H6,42174,1989.0145975694777
H6,47433,2024.5977046558658
H6,52692,2045.4114912999523
H7,100,92.14500932057373
H7,5359,1708.5904714716162
H7,10618,2018.1902706140627
H7,15877,2132.4875624347687
H7,21137,2194.0710347053146
H7,26396,2234.6139808862345
H7,31655,2263.8084887844752
H7,36915,2285.5098221872618
H7,42174,2301.6178694839664
H7,47433,2313.2567387875906
H7,52692,2321.171301088722
H7,57952,2325.9065564891653
H7,63211,2327.8886065601364
H8,100,54.9098800507501
H8,5359,696.0865983321861
H8,10618,979.7975441817922
H8,15877,1177.8039173063667
H8,21137,1326.2291346633306
H8,26396,1440.3384914197854
H8,31655,1528.589540507554
H8,36915,1596.2851300280495
H8,42174,1647.0200098531984
H8,47433,1683.438790875387
H8,52692,1707.5396293859378
H8,57952,1720.8969198049338
H9,100,35.86976671706956
H9,5359,214.04667754697948
H9,10618,249.76116131480262
H9,15877,268.5087357760048
H9,21137,280.92227532289314
H9,26396,289.98048547358644
H9,31655,296.8932479174139
H9,36915,302.270507910676
H9,42174,306.4677547602726
H9,47433,309.71817298562644
H9,52692,312.1822680597747
H9,57952,313.976068265662
H9,63211,315.1851115454083
H9,68470,315.87612163073
H10,100,45.472550208301655
H10,5359,245.9639727178636
H10,10618,267.84361448809875
H10,15877,277.34264150019305
H10,21137,282.74623633961306
H10,26396,286.1971631188328
H10,31655,288.5489985222147
H10,36915,290.21757809704457
H10,42174,291.4294324388166
H10,47433,292.3187398091978
H10,52692,292.9686824744351
H10,57952,293.43313766334404
H10,63211,293.74789261285673
H10,68470,293.93799312633587
H11,100,52.08432606068897
H11,5359,802.6382460584164
H11,10618,1150.8793804885643
H11,15877,1386.3518008882966
H11,21137,1558.1576156999372
H11,26396,1687.352212861697
H11,31655,1785.5374080530687
H11,36915,1859.9510289084342
H11,42174,1915.4748869386872
H11,47433,1955.6546247632707
H11,52692,1983.1301983115445
H11,57952,1999.9372276559939
H11,63211,2007.6735202590953
H12,100,31.746004459554886
H12,5359,194.34855354531842
H12,10618,219.6127281447921
H12,15877,229.81858099824953
H12,21137,235.33366871258363
H12,26396,238.67960568145133
H12,31655,240.7721376983427
H12,36915,242.05382908506164
H12,42174,242.78496028950656
H13,100,62.06380748619879
H13,5359,819.221425380729
H13,10618,1165.0846655319895
H13,15877,1403.1846215460318
H13,21137,1578.8573807443559
H13,26396,1711.7958034993603
H13,31655,1813.0070126389248
H13,36915,1889.3565556687042
H13,42174,1945.44289281687
H13,47433,1984.58865117019
H13,52692,2009.2600636637176
H13,57952,2021.3621397718111
H14,100,54.210881979923016
H14,5359,699.8191746899031
H14,10618,1004.1653884216644
H14,15877,1216.4637419782784
H14,21137,1376.0439889053782
H14,26396,1498.904129066076
H14,31655,1593.7296303456478
H14,36915,1665.955656231242
H14,42174,1719.283977478748
H14,47433,1756.4606626804305
H14,52692,1779.581863596511
H14,57952,1790.319134560645
H15,100,53.78718142874195
H15,5359,265.7281852929798
H15,10618,291.35815946171647
H15,15877,302.32074773421994
H15,21137,308.4368405538853
H15,26396,312.2659188454826
H15,31655,314.81683085994507
H15,36915,316.58062661387
H15,42174,317.82553762830935
H15,47433,318.7091641101099
H15,52692,319.3273265596462
H15,57952,319.7406201232425
H15,63211,319.9884523520251
H16,100,44.83916046131543
H16,5359,205.6720750094994
H16,10618,228.7784869615354
H16,15877,239.42105535397343
H16,21137,245.71231415249488
H16,26396,249.8564928156042
H16,31655,252.73501073219506
H16,36915,254.7874050466325
H16,42174,256.263939971747
H16,47433,257.3209469420751
H16,52692,258.06075783389065
H16,57952,258.5535321100615
H16,63211,258.8489131114801
H16,68470,258.9837509033076
P1,100,50.138499175259845
P1,5359,289.0042649691994
P1,10618,327.82918627053004
P1,15877,344.14645324891876
P1,21137,352.6953423664695
P1,26396,357.76870662451995
P1,31655,361.0365857862094
P1,36915,363.2561114507479
P1,42174,364.8112773040467
P1,47433,365.9180704096193
P1,52692,366.70765363721625
P1,57952,367.2655988626942
P1,63211,367.65042610661897
P1,68470,367.9041361643717
P2,100,64.62741276614358
P2,5359,304.982426090193
P2,10618,332.09849632972123
P2,15877,343.5349718734045
P2,21137,349.8750146173554
P2,26396,353.9547612510072
P2,31655,356.816308015115
P2,36915,358.9203953701457
P2,42174,360.50033258294184
P2,47433,361.6911162808528
P2,52692,362.5795225268998
P2,57952,363.2275606276863
P2,63211,363.68281589326483
P2,68470,363.98475238828064
P3,100,38.590402696714975
P3,5359,247.63769865577052
P3,10618,284.81051529012393
P3,15877,303.7742876920672
P3,21137,315.6845201730766
P3,26396,323.7568436679501
P3,31655,329.40368472271956
P3,36915,333.39771506220234
P3,42174,336.2172371474254
P3,47433,338.1840536287051
P3,52692,339.52272004308236
P3,57952,340.39514734440695
P3,63211,340.9199496372063
P4,100,61.3036039915337
P4,5359,324.18969948558413
P4,10618,355.2907438578534
P4,15877,368.74109458958355
P4,21137,376.3658467016505
P4,26396,381.2189183535715
P4,31655,384.5173651631268
P4,36915,386.85170044837315
P4,42174,388.54121580654487
P4,47433,389.7735487996877
P4,52692,390.6647443759793
P4,57952,391.29064711032885
P4,63211,391.7026161802589
P4,68470,391.93693391404156
P5,100,67.69909142852063
P5,5359,486.7082041764698
P5,10618,556.2211745871954
P5,15877,595.5802706805212
P5,21137,623.108167125942
P5,26396,643.9100781323267
P5,31655,660.1535613908941
P5,36915,672.9934870016093
P5,42174,683.1434096132188
P5,47433,691.1042429028163
P5,52692,697.2476738398974
P5,57952,701.865822154886
P5,63211,705.1932705791357
P5,68470,707.427394952738
P6,100,39.20569085380262
P6,5359,257.57747441216475
P6,10618,297.7272202528774
P6,15877,315.68362379406983
P6,21137,325.79943641364423
P6,26396,332.250370831233
P6,31655,336.6581161851965
P6,36915,339.77616352986547
P6,42174,342.0083571418173
P6,47433,343.5998729054781
P6,52692,344.7110077540459
P6,57952,345.4523674077792
P6,63211,345.9013872379719
P7,100,63.581744196634304
P7,5359,256.39146075516527
P7,10618,296.42911574984265
P7,15877,324.7317645475554
P7,21137,346.5133078982195
P7,26396,363.7256474590521
P7,31655,377.44895892163333
P7,36915,388.3888454153782
P7,42174,397.043917675921
P7,47433,403.7920104688364
P7,52692,408.92097127080814
P7,57952,412.6563769229524
P8,100,51.40363729555679
P8,5359,233.71864676986596
P8,10618,261.01754472828407
P8,15877,274.34402087569185
P8,21137,282.7755351299175
P8,26396,288.7659228065202
P8,31655,293.25697386744287
P8,36915,296.706572880073
P8,42174,299.38072544826764
P8,47433,301.45552487323977
P8,52692,303.0535304015855
P8,57952,304.2636530305132
P8,63211,305.15113663055934
P8,68470,305.76577471546784
P9,100,56.87457506251272
P9,5359,210.04672450797946
P9,10618,236.76581025683544
P9,15877,256.02115897822955
P9,21137,270.76600443946234
P9,26396,282.1625521537287
P9,31655,290.9571677940186
P9,36915,297.6932047726607
P9,42174,302.78426604535196
P9,47433,306.561104372385
P10,100,37.15622051483843
P10,5359,201.86978561853672
P10,10618,230.19733578454185
P10,15877,242.97073232427013
P10,21137,250.04458287521263
P10,26396,254.41079983980788
P10,31655,257.2667699989926
P10,36915,259.18216479222144
P10,42174,260.4712251008059
P10,47433,261.33000552862745
P10,52692,261.8890747002706
P11,100,50.81480595518637
P11,5359,278.9084344457814
P11,10618,321.39376229734086
P11,15877,341.5972773069698
P11,21137,353.221341307674
P11,26396,360.6113117806841
P11,31655,365.6292793707414
P11,36915,369.1965163726385
P11,42174,371.81346931277017
P11,47433,373.7740260952064
P11,52692,375.25804852820187
P11,57952,376.37935595670984
P11,63211,377.2099167760563
P11,68470,377.7954258885285
P12,100,21.091664221303727
P12,5359,122.71559781821801
P12,10618,147.82631524631773
P12,15877,160.84127029034732
P12,21137,168.81016842376442
P12,26396,174.16522398875122
P12,31655,177.96704831152408
P12,36915,180.74369422248543
P12,42174,182.78907419042702
P12,47433,184.28720536479108
P12,52692,185.36331578376422
P12,57952,186.10946630190182
P12,63211,186.5962809335503
P12,68470,186.88016303486012
P13,100,52.65157515575964
P13,5359,253.24582630616268
P13,10618,286.7111626298963
P13,15877,301.40045883302844
P13,21137,309.28168507794516
P13,26396,314.0233182536914
P13,31655,317.10811005797234
P13,36915,319.2274618629965
P13,42174,320.73671244084494
P13,47433,321.8349777873412
P13,52692,322.6410791153578
P13,57952,323.2309675129626
P13,63211,323.656108345221
P13,68470,323.9543949652515
P14,100,43.688784982673326
P14,5359,240.4277724695321
P14,10618,268.5393224964646
P14,15877,280.9290526742493
P14,21137,287.8775693544296
P14,26396,292.27464628212465
P14,31655,295.26419911455275
P14,36915,297.396903631804
P14,42174,298.97232147349087
P14,47433,300.1675601996537
P14,52692,301.0909157596536
P14,57952,301.8102733781717
P14,63211,302.36817836835536
P14,68470,302.79212783856735
P15,100,56.83443888890109
P15,5359,500.1673697613452
P15,10618,555.9582809161175
P15,15877,580.6611177934126
P15,21137,596.7862347095489
P15,26396,608.7615579325766
P15,31655,618.1028333001275
P15,36915,625.5204541683652
P15,42174,631.4140592745815
P15,47433,636.0438176832535
P15,52692,639.5912362983458
P15,57952,642.192565682201
P15,63211,643.9532449384625
P15,68470,644.9599234831519
P16,100,62.945975728237954
P16,5359,304.0220822310499
P16,10618,322.3507017350338
P16,15877,331.7567631963087
P16,21137,338.2150783949065
P16,26396,343.11593876857887
P16,31655,346.98943102105125
P16,36915,350.0966124529483
P16,42174,352.58501265598994
P16,47433,354.54848734693894
P16,52692,356.04989537297433
P16,57952,357.1349372946928
P16,63211,357.8389344197213
P17,100,41.50785217484197
P17,5359,247.35746591723262
P17,10618,279.4314739184158
P17,15877,292.54283160652307
P17,21137,299.7116238171291
P17,26396,304.2190827085281
P17,31655,307.2670040264971
P17,36915,309.4214570908132
P17,42174,310.99396252566015
P17,47433,312.1724486251966
P17,52692,313.07411708384785
P17,57952,313.773809147339
P17,63211,314.3192623443555
P17,68470,314.7413124690628
P18,100,82.43209582581835
P18,5359,759.07296587968
P18,10618,808.2453515654933
P18,15877,830.7827811683951
P18,21137,845.9038119479544
P18,26396,857.1025493275686
P18,31655,865.6806936899575
P18,36915,872.2932878503759
P18,42174,877.3266919042496
P18,47433,881.0410208540279
P18,52692,883.6233407303373
P18,57952,885.2175875051547
P18,63211,885.9384453808572
T1,100,33.0560346244254
T1,5359,166.42853231303556
T1,10618,197.2446775480355
T1,15877,214.42714920209914
T1,21137,225.33044916844514
T1,26396,232.65500058039535
T1,31655,237.743839219952
T1,36915,241.35402526571443
T1,42174,243.94211178350878
T1,47433,245.79861839850795
T1,52692,247.11311773980668
T1,57952,248.01376811398393
T1,63211,248.58981264923867
T1,68470,248.90676039751534
T2,100,35.895493047425205
T2,5359,181.5125891854814
T2,10618,214.89305493341993
T2,15877,233.56920985773974
T2,21137,245.659895591858
T2,26396,254.0656806006856
T2,31655,260.1842469707127
T2,36915,264.77569916143227
T2,42174,268.2852455374301
T2,47433,270.9926051614313
T2,52692,273.07983222750136
T2,57952,274.6706065951274
T2,63211,275.85054844394904
T2,68470,276.6817830486893
T3,100,49.433349476031864
T3,5359,275.65626584961814
T3,10618,309.34345492416924
T3,15877,324.6075758635519
T3,21137,333.5742240848358
T3,26396,339.57082039225554
T3,31655,343.8858352426931
T3,36915,347.1266645044567
T3,42174,349.6199170867634
T3,47433,351.5615159793324
T3,52692,353.07635511183287
T3,57952,354.24868297440537
T3,63211,355.13667559263695
T3,68470,355.78269110376976
T4,100,42.97480034165916
T4,5359,202.32496273123556
T4,10618,230.64981628484378
T4,15877,246.12455928962902
T4,21137,256.17371168217085
T4,26396,263.2109484259564
T4,31655,268.34712487556106
T4,36915,272.1901292822374
T4,42174,275.1045720687347
T4,47433,277.32545652241146
T4,52692,279.00960540835433
T4,57952,280.2664404773264
T4,63211,281.1741062906815
T4,68470,281.79082475843006
T5,100,44.562121446374555
T5,5359,212.4757234783115
T5,10618,239.5386142075805
T5,15877,252.25144993903922
T5,21137,259.6873917999129
T5,26396,264.53210794293267
T5,31655,267.88287949889565
T5,36915,270.28062043850844
T5,42174,272.03022279987397
T5,47433,273.3238643628751
T5,52692,274.29062458862785
T5,57952,275.0213310649007
T5,63211,275.58042892849505
T6,100,58.334812480971266
T6,5359,356.3182498119207
T6,10618,394.0332744687229
T6,15877,410.5769242756374
T6,21137,420.06417801728327
T6,26396,426.24588730819835
T6,31655,430.5624087787589
T6,36915,433.67868682299525
T6,42174,435.94921807513697
T6,47433,437.59099209673786
T6,52692,438.74868715872515
T6,57952,439.5249710717478
T6,63211,439.9945963004741
T7,100,29.60571149669903
T7,5359,201.5322571588073
T7,10618,234.47428613511374
T7,15877,249.74548889630904
T7,21137,258.47543950103955
T7,26396,264.0294769203523
T7,31655,267.7964971937348
T7,36915,270.45946770387263
T7,42174,272.3947417098532
T7,47433,273.82876160789726
T7,52692,274.9043039631663
T7,57952,275.71496972588056
T7,63211,276.3228185204613
T7,68470,276.7700018078959
T8,100,42.22225255265269
T8,5359,257.35346994278086
T8,10618,292.5840709434154
T8,15877,309.5590267678107
T8,21137,319.6907148403407
T8,26396,326.3755140040855
T8,31655,331.03225672506017
T8,36915,334.3751030077855
T8,42174,336.8112933855897
T8,47433,338.5960599524986
T8,52692,339.89689088046214
T8,57952,340.82818628976366
T8,63211,341.46954699671966
T8,68470,341.8781713976975
T9,100,93.40670352609925
T9,5359,1696.2556399062055
T9,10618,1979.1475350379876
T9,15877,2069.9594047833807
T9,21137,2113.250601025057
T9,26396,2140.0334959484435
T9,31655,2158.9185492502957
T9,36915,2172.9344104896873
T9,42174,2183.426609517751
T9,47433,2191.1397648524926
T9,52692,2196.5481292578893
T9,57952,2199.987123809501
T9,63211,2201.70739967406
T10,100,87.87295742419414
T10,5359,712.5336433267662
T10,10618,750.7550037644611
T10,15877,767.8695788381922
T10,21137,778.4222133847961
T10,26396,785.7209204557439
T10,31655,791.0350472794432
T10,36915,794.9922110348114
T10,42174,797.9546128798946
T10,47433,800.1561452611573
T10,52692,801.7558707798614
T10,57952,802.8671086281888
T10,63211,803.572372021968
T10,68470,803.93434851661
T11,100,52.791389868776434
T11,5359,253.9574186158695
T11,10618,280.47701442944594
T11,15877,291.57703355930494
T11,21137,297.7830603336023
T11,26396,301.71859680916947
T11,31655,304.3692034137336
T11,36915,306.21009472617766
T11,42174,307.505968673181
T11,47433,308.4192799083602
T11,52692,309.0555630774338
T11,57952,309.4874665512277
T11,63211,309.7672627906612
T11,68470,309.93460263141776
T12,100,53.843073740434036
T12,5359,280.80994827598954
T12,10618,303.1420828045467
T12,15877,311.116855894399
T12,21137,315.16994764624184
T12,26396,317.5574913239282
T12,31655,319.0697086888976
T12,36915,320.06471897064057
T12,42174,320.7326280836451
T12,47433,321.18616170203865
T12,52692,321.49624448904996
T12,57952,321.70936732590513
T12,63211,321.8566629775869
T12,68470,321.95974615037386
T13,100,26.670964314425724
T13,5359,164.01562648005307
T13,10618,192.3354329528202
T13,15877,207.06621536631042
T13,21137,216.12251613301845
T13,26396,222.1709121968674
T13,31655,226.41873156758987
T13,36915,229.4929441084211
T13,42174,231.74826248564668
T13,47433,233.40026646114703
T13,52692,234.58500267029476
T13,57952,235.39220285847588
T13,63211,235.88265560682802
T14,100,41.6817473657217
T14,5359,192.63742966865115
T14,10618,213.4603891483689
T14,15877,222.7188754898083
T14,21137,227.89631897496196
T14,26396,231.11362095236217
T14,31655,233.25835978952034
T14,36915,234.7703207391963
T14,42174,235.8877393544605
T14,47433,236.747495216012
T14,52692,237.42987432825225
T14,57952,237.98298565314354
T14,63211,238.4358706538913
T14,68470,238.80697247125457
T15,100,53.65878761271373
T15,5359,266.96510614442593
T15,10618,299.4620001770281
T15,15877,313.8299705253887
T15,21137,321.9252749220657
T15,26396,327.17788138607807
T15,31655,330.8765472204183
T15,36915,333.59550585573345
T15,42174,335.6308027236414
T15,47433,337.1565834580151
T15,52692,338.28383313622123
T15,57952,339.08869698773253
T15,63211,339.6261112197142
T15,68470,339.93874216445477
T16,100,42.790294633540256
T16,5359,435.5159149688222
T16,10618,515.694290664454
T16,15877,551.6553136906132
T16,21137,573.6719343039285
T16,26396,589.0995360350873
T16,31655,600.5704378843504
T16,36915,609.3074322154296
T16,42174,615.9860422885993
T16,47433,621.0351565883655
T16,52692,624.7490016819736
T16,57952,627.3454594557836
T16,63211,628.9936163929863
T16,68470,629.8332807802055
T17,100,63.616474298196806
T17,5359,385.3351578171595
T17,10618,411.5364441646726
T17,15877,424.500640453459
T17,21137,433.0139964298163
T17,26396,439.186809469753
T17,31655,443.86586652152283
T17,36915,447.4777801826033
T17,42174,450.26868798697603
T17,47433,452.3966616116285
T17,52692,453.96775984312956
T17,57952,455.05669270574333
T17,63211,455.7170673224588
T17,68470,455.9890384903001
TP1,100,49.885410745183435
TP1,5359,361.08477060128615
TP1,10618,409.8435860856864
TP1,15877,430.9667750990556
TP1,21137,442.17692252415935
TP1,26396,448.7810250602581
TP1,31655,452.9619662295221
TP1,36915,455.756883281607
TP1,42174,457.70331061647653
TP1,47433,459.10070011611765
TP1,52692,460.1245596873886
TP1,57952,460.8832971207044
TP1,63211,461.44598354829225
TP1,68470,461.8581332539511
TP2,100,54.18939004751425
TP2,5359,263.7173557636205
TP2,10618,295.48194766236685
TP2,15877,311.5576303708666
TP2,21137,321.56428373122617
TP2,26396,328.36461660010656
TP2,31655,333.21825233921265
TP2,36915,336.7915614387154
TP2,42174,339.47446890881923
TP2,47433,341.51312725619243
TP2,52692,343.06852306118435
TP2,57952,344.2501741597438
TP2,63211,345.13408758404273
TP2,68470,345.7753683535167
TP3,100,54.03506877694367
TP3,5359,254.2350998065034
TP3,10618,285.90797089111396
TP3,15877,300.1990445125179
TP3,21137,308.4391356044579
TP3,26396,313.8826356091386
TP3,31655,317.7940643358203
TP3,36915,320.76352120257764
TP3,42174,323.101731060181
TP3,47433,324.9879641126091
TP3,52692,326.5302514286378
TP3,57952,327.7970885766294
TP3,63211,328.83320444433286
TP3,68470,329.6705824134633
TP4,100,43.40351500638771
TP4,5359,261.4092371696855
TP4,10618,289.0848872169852
TP4,15877,300.07870213651506
TP4,21137,306.0319264900686
TP4,26396,309.7609759464693
TP4,31655,312.27855368455096
TP4,36915,314.048722208463
TP4,42174,315.3210621511229
TP4,47433,316.2452247321453
TP4,52692,316.9154216779792
TP4,57952,317.3930666683295
TP4,63211,317.71873583924776
TP4,68470,317.9200843822165
TP5,100,67.39744118744358
TP5,5359,354.7039809016786
TP5,10618,403.4697649154798
TP5,15877,433.7334886085253
TP5,21137,455.22155390367925
TP5,26396,471.07598285854465
TP5,31655,482.84832647607954
TP5,36915,491.47144386611365
TP5,42174,497.57504859429173
TP5,47433,501.62642737362427
TP5,52692,503.98692913376317
TP5,57952,504.94775845242305
TP6,100,51.55947671468914
TP6,5359,392.8375485493457
TP6,10618,484.4780430632304
TP6,15877,535.299439901574
TP6,21137,567.097296802883
TP6,26396,588.2277359741655
TP6,31655,602.8137124815817
TP6,36915,613.1330781510453
TP6,42174,620.5314225460901
TP6,47433,625.8502372971717
TP6,52692,629.6316758290793
TP6,57952,632.2384358924115
TP6,63211,633.9199593045619
TP6,68470,634.8564622198642
TP7,100,61.48866884509094
TP7,5359,240.2179485674151
TP7,10618,252.43339528694662
TP7,15877,259.5422740140497
TP7,21137,264.41076189801436
TP7,26396,267.92195376730035
TP7,31655,270.51854055830535
TP7,36915,272.4511735176943
TP7,42174,273.8711724072324
TP7,47433,274.87738388347935
TP7,52692,275.5373856167463
TP7,57952,275.8995738312186
TP8,100,48.6691894888925
TP8,5359,312.3880403881084
TP8,10618,363.88922074993206
TP8,15877,386.1028771012854
TP8,21137,398.03636721060315
TP8,26396,405.263678570267
TP8,31655,409.96357633386924
TP8,36915,413.1428738720413
TP8,42174,415.32755887610665
TP8,47433,416.82366182450244
TP8,52692,417.8238358285809
TP8,57952,418.4587266385759
TP8,63211,418.8213296769659
TP8,68470,418.98034223285345
TP9,100,50.09103069621365
TP9,5359,301.06812136177246
TP9,10618,336.6560876428492
TP9,15877,350.8224541899368
TP9,21137,358.28156940366284
TP9,26396,362.882672434225
TP9,31655,365.9899333026323
TP9,36915,368.1907408695057
TP9,42174,369.7807225840074
TP9,47433,370.9311541562719
TP9,52692,371.75171041769806
TP9,57952,372.31921547248885
TP9,63211,372.69060383472834
TP9,68470,372.91021967470135
TP10,100,54.40997723225607
TP10,5359,230.76540019091414
TP10,10618,262.55670529861715
TP10,15877,281.92553733852
TP10,21137,295.64376771685403
TP10,26396,305.8930561416687
TP10,31655,313.7221799586478
TP10,36915,319.72691589949477
TP10,42174,324.2786139166039
TP10,47433,327.6307884775024
TP10,52692,329.9648788134193
TP10,57952,331.4197843738641
TP11,100,39.02437291593894
TP11,5359,145.90012749670362
TP11,10618,166.2872979070259
TP11,15877,177.22925259850643
TP11,21137,184.10079173919152
TP11,26396,188.7818486773262
TP11,31655,192.14924182916081
TP11,36915,194.6625694314409
TP11,42174,196.57880841086464
TP11,47433,198.04959673790415
TP11,52692,199.16640179261339
TP11,57952,199.98698205400513
TP11,63211,200.5497168742529
TP11,68470,200.88331973753606
TP12,100,37.497459236165525
TP12,5359,172.3558369220434
TP12,10618,199.80862846853168
TP12,15877,214.86574887253724
TP12,21137,224.61618055485604
TP12,26396,231.39895741229935
TP12,31655,236.29122652255387
TP12,36915,239.89177254797454
TP12,42174,242.57194495564573
TP12,47433,244.58002322582556
TP12,52692,246.08670638734367
TP12,57952,247.21281422113833
TP12,63211,248.04459855994813
TP12,68470,248.64519253518932
TP13,100,46.67578606249795
TP13,5359,228.9244239893704
TP13,10618,258.0233245569159
TP13,15877,274.5926028457553
TP13,21137,286.1286874515994
TP13,26396,294.71480364234674
TP13,31655,301.2753407938943
TP13,36915,306.3293162104794
TP13,42174,310.20661636073555
TP13,47433,313.1370004075778
TP13,52692,315.2853078223576
TP13,57952,316.77438770863074
TP13,63211,317.6975440274059
TP14,100,48.83041127491392
TP14,5359,286.2444393678326
TP14,10618,327.1798307744922
TP14,15877,344.73907652603225
TP14,21137,354.5493436585766
TP14,26396,360.8937619888113
TP14,31655,365.3460592562857
TP14,36915,368.61472363336907
TP14,42174,371.072169325058
TP14,47433,372.9405859502298
TP14,52692,374.3625250152719
TP14,57952,375.43536844197575
TP14,63211,376.22780995846324
TP14,68470,376.7907646146782
TP15,100,79.77095589326245
TP15,5359,599.4897794673115
TP15,10618,637.307235722937
TP15,15877,654.9555486910108
TP15,21137,666.1924649951849
TP15,26396,674.3151517915919
TP15,31655,680.5038232321842
TP15,36915,685.2942675674285
TP15,42174,688.9822774288169
TP15,47433,691.7611420969845
TP15,52692,693.7659974365977
TP15,57952,695.0952566649055
TP15,63211,695.8200078411376
TP16,100,65.73020768437156
TP16,5359,651.6674671442693
TP16,10618,730.8574066255735
TP16,15877,762.8336531294648
TP16,21137,781.6426458675563
TP16,26396,794.4498599779766
TP16,31655,803.7639892446139
TP16,36915,810.7382602121077
TP16,42174,815.9935284375238
TP16,47433,819.9072031341814
TP16,52692,822.7235743534782
TP16,57952,824.6103101703136
TP16,63211,825.6864074075467
