cohort,measure,r,ci_low,ci_high,p,q_bh_across_targets
primary,alpha: Shannon index (H'),0.05555555555555555,-0.3472222222222222,0.4513888888888889,,
primary,alpha: Observed richness (taxa),-0.3055555555555556,-0.6666666666666666,0.1111111111111111,,
primary,alpha: Pielou's evenness (J'),0.4236111111111111,0.027777777777777776,0.7777777777777778,,
primary,Porphyromonas gingivalis,0.5972222222222222,0.2847222222222222,0.8680555555555556,0.0031774280123466592,0.004766142018519989
primary,Tannerella forsythia,0.5069444444444444,0.1875,0.8055555555555556,0.012367275486607826,0.012367275486607826
primary,Treponema denticola,0.6527777777777778,0.3402777777777778,0.9097222222222222,0.0012550858258487437,0.003765257477546231
replication,alpha: Shannon index (H'),0.22058823529411764,-0.19852941176470587,0.6102941176470589,,
replication,alpha: Observed richness (taxa),0.06985294117647059,-0.3309742647058822,0.4596507352941171,,
replication,alpha: Pielou's evenness (J'),0.25735294117647056,-0.1398897058823526,0.6397058823529411,,
replication,Porphyromonas gingivalis,0.27941176470588236,-0.11764705882352941,0.6617647058823529,0.17675260335753484,0.5302578100726045
replication,Tannerella forsythia,0.0661764705882353,-0.35294117647058826,0.47058823529411764,0.7594628653799336,0.7594628653799336
replication,Treponema denticola,0.11764705882352941,-0.2867647058823529,0.5073529411764706,0.5766125266693276,0.7594628653799336
